model,run,frame,latency_ms
TrackNet,0,0,25.098542
TrackNet,0,1,20.783042
TrackNet,0,2,21.241292
TrackNet,0,3,20.248167
TrackNet,0,4,21.540667
TrackNet,0,5,23.1405
TrackNet,0,6,20.963209
TrackNet,0,7,20.865875
TrackNet,0,8,21.069084
TrackNet,0,9,21.34225
TrackNet,0,10,20.787125
TrackNet,0,11,21.838833
TrackNet,0,12,22.452541
TrackNet,0,13,22.516459
TrackNet,0,14,22.352959
TrackNet,0,15,23.605125
TrackNet,0,16,21.919166
TrackNet,0,17,22.132208
TrackNet,0,18,23.170458
TrackNet,0,19,23.343083
TrackNet,0,20,22.983208
TrackNet,0,21,25.45925
TrackNet,0,22,29.452459
TrackNet,0,23,24.762458
TrackNet,0,24,25.5955
TrackNet,0,25,30.267792
TrackNet,0,26,26.100958
TrackNet,0,27,27.061541
TrackNet,0,28,24.083875
TrackNet,0,29,25.05625
TrackNet,0,30,24.501959
TrackNet,0,31,27.962458
TrackNet,0,32,24.205458
TrackNet,0,33,25.428167
TrackNet,0,34,24.542416
TrackNet,0,35,24.757334
TrackNet,0,36,24.795667
TrackNet,0,37,25.191417
TrackNet,0,38,24.20625
TrackNet,0,39,24.728667
TrackNet,0,40,25.038875
TrackNet,0,41,25.629167
TrackNet,0,42,31.977417
TrackNet,0,43,42.111667
TrackNet,0,44,25.279791
TrackNet,0,45,25.47475
TrackNet,0,46,27.09675
TrackNet,0,47,26.054291
TrackNet,0,48,27.998458
TrackNet,0,49,28.278625
TrackNet,0,50,28.524833
TrackNet,0,51,26.022959
TrackNet,0,52,27.172291
TrackNet,0,53,29.412792
TrackNet,0,54,36.665083
TrackNet,0,55,31.078875
TrackNet,0,56,30.9185
TrackNet,0,57,32.733333
TrackNet,0,58,35.034417
TrackNet,0,59,30.150708
TrackNet,0,60,32.798375
TrackNet,0,61,30.052125
TrackNet,0,62,30.302958
TrackNet,0,63,32.87675
TrackNet,0,64,27.863333
TrackNet,0,65,32.157875
TrackNet,0,66,28.450542
TrackNet,0,67,29.039041
TrackNet,0,68,28.569333
TrackNet,0,69,29.285833
TrackNet,0,70,29.748042
TrackNet,0,71,28.625208
TrackNet,0,72,28.583
TrackNet,0,73,29.073666
TrackNet,0,74,29.470333
TrackNet,0,75,31.1915
TrackNet,0,76,29.459709
TrackNet,0,77,29.866042
TrackNet,0,78,35.041167
TrackNet,0,79,34.883583
TrackNet,0,80,29.452417
TrackNet,0,81,29.276125
TrackNet,0,82,30.787042
TrackNet,0,83,30.257292
TrackNet,0,84,30.650333
TrackNet,0,85,30.171709
TrackNet,0,86,30.078375
TrackNet,0,87,32.317708
TrackNet,0,88,30.463375
TrackNet,0,89,30.723459
TrackNet,0,90,31.157083
TrackNet,0,91,32.979791
TrackNet,0,92,30.892542
TrackNet,0,93,31.692875
TrackNet,0,94,31.696625
TrackNet,0,95,32.550792
TrackNet,0,96,37.401084
TrackNet,0,97,36.67775
TrackNet,0,98,35.377208
TrackNet,0,99,32.624291
TrackNet,0,100,31.605042
TrackNet,0,101,31.411791
TrackNet,0,102,31.442417
TrackNet,0,103,31.31175
TrackNet,0,104,31.266791
TrackNet,0,105,31.38575
TrackNet,0,106,41.416542
TrackNet,0,107,30.753667
TrackNet,0,108,31.408167
TrackNet,0,109,31.39775
TrackNet,0,110,31.809042
TrackNet,0,111,31.012958
TrackNet,0,112,33.042209
TrackNet,0,113,32.30075
TrackNet,0,114,31.35925
TrackNet,0,115,31.190791
TrackNet,0,116,31.772791
TrackNet,0,117,32.069541
TrackNet,0,118,31.456666
TrackNet,0,119,45.847334
TrackNet,0,120,31.230291
TrackNet,0,121,37.716875
TrackNet,0,122,34.744458
TrackNet,0,123,30.911416
TrackNet,0,124,32.655333
TrackNet,0,125,30.827875
TrackNet,0,126,30.508375
TrackNet,0,127,32.718167
TrackNet,0,128,30.449833
TrackNet,0,129,30.524792
TrackNet,0,130,30.617708
TrackNet,0,131,29.385208
TrackNet,0,132,30.466
TrackNet,0,133,31.165708
TrackNet,0,134,30.463209
TrackNet,0,135,29.78975
TrackNet,0,136,34.335042
TrackNet,0,137,29.946709
TrackNet,0,138,37.047792
TrackNet,0,139,42.51925
TrackNet,0,140,31.072833
TrackNet,0,141,34.371458
TrackNet,0,142,31.689041
TrackNet,0,143,32.842333
TrackNet,0,144,35.296042
TrackNet,0,145,34.03775
TrackNet,0,146,30.989875
TrackNet,0,147,31.267417
TrackNet,0,148,31.767125
TrackNet,0,149,32.487
TrackNet,0,150,31.620667
TrackNet,0,151,30.163166
TrackNet,0,152,30.256625
TrackNet,0,153,29.518625
TrackNet,0,154,30.525791
TrackNet,0,155,30.775875
TrackNet,0,156,32.433875
TrackNet,0,157,31.503792
TrackNet,0,158,42.907
TrackNet,0,159,33.217708
TrackNet,0,160,29.371083
TrackNet,0,161,29.3915
TrackNet,0,162,29.529666
TrackNet,0,163,29.187166
TrackNet,0,164,29.27425
TrackNet,0,165,27.376291
TrackNet,0,166,28.016916
TrackNet,0,167,27.938708
TrackNet,0,168,27.638042
TrackNet,0,169,35.005375
TrackNet,0,170,29.306791
TrackNet,0,171,28.54975
TrackNet,0,172,28.844
TrackNet,0,173,28.580917
TrackNet,0,174,34.649667
TrackNet,0,175,29.447667
TrackNet,0,176,28.045125
TrackNet,0,177,29.132625
TrackNet,0,178,27.99
TrackNet,0,179,28.412708
TrackNet,0,180,28.097
TrackNet,0,181,29.419708
TrackNet,0,182,27.966417
TrackNet,0,183,29.055042
TrackNet,0,184,29.844917
TrackNet,0,185,29.008542
TrackNet,0,186,27.446375
TrackNet,0,187,28.458375
TrackNet,0,188,28.617125
TrackNet,0,189,26.9705
TrackNet,0,190,28.085667
TrackNet,0,191,27.574584
TrackNet,0,192,27.307
TrackNet,0,193,31.760916
TrackNet,0,194,28.32375
TrackNet,0,195,28.747458
TrackNet,0,196,27.696458
TrackNet,0,197,28.504625
TrackNet,0,198,32.269583
TrackNet,0,199,29.632625
TrackNet,0,200,27.28525
TrackNet,0,201,27.741833
TrackNet,0,202,30.517292
TrackNet,0,203,29.4015
TrackNet,0,204,27.811
TrackNet,0,205,27.761416
TrackNet,0,206,31.323458
TrackNet,0,207,27.392875
TrackNet,0,208,27.710667
TrackNet,0,209,28.526333
TrackNet,0,210,27.57925
TrackNet,0,211,26.786375
TrackNet,0,212,29.082375
TrackNet,0,213,28.006
TrackNet,0,214,27.504291
TrackNet,0,215,27.219583
TrackNet,0,216,28.664625
TrackNet,0,217,33.455167
TrackNet,0,218,27.240833
TrackNet,0,219,31.201375
TrackNet,0,220,28.539166
TrackNet,0,221,26.4835
TrackNet,0,222,27.468792
TrackNet,0,223,27.18325
TrackNet,0,224,27.02875
TrackNet,0,225,27.857458
TrackNet,0,226,27.2265
TrackNet,0,227,27.22075
TrackNet,0,228,27.703791
TrackNet,0,229,27.002834
TrackNet,0,230,26.655542
TrackNet,0,231,27.665375
TrackNet,0,232,27.612916
TrackNet,0,233,28.663083
TrackNet,0,234,26.861166
TrackNet,0,235,27.207083
TrackNet,0,236,26.85225
TrackNet,0,237,27.441542
TrackNet,0,238,26.636667
TrackNet,0,239,28.228125
TrackNet,0,240,26.77625
TrackNet,0,241,27.318458
TrackNet,0,242,27.12675
TrackNet,0,243,33.513708
TrackNet,0,244,30.759583
TrackNet,0,245,33.960625
TrackNet,0,246,34.104625
TrackNet,0,247,32.654667
TrackNet,0,248,29.335584
TrackNet,0,249,28.96425
TrackNet,0,250,30.100708
TrackNet,0,251,28.126375
TrackNet,0,252,29.5445
TrackNet,0,253,27.233209
TrackNet,0,254,27.503375
TrackNet,0,255,31.059459
TrackNet,0,256,28.318375
TrackNet,0,257,26.437458
TrackNet,0,258,27.531042
TrackNet,0,259,27.230459
TrackNet,0,260,29.314791
TrackNet,0,261,27.585583
TrackNet,0,262,35.109708
TrackNet,0,263,27.149042
TrackNet,0,264,26.438167
TrackNet,0,265,26.982792
TrackNet,0,266,27.653083
TrackNet,0,267,27.17475
TrackNet,0,268,27.565417
TrackNet,0,269,26.314958
TrackNet,0,270,28.4455
TrackNet,0,271,26.251834
TrackNet,0,272,27.077875
TrackNet,0,273,28.079375
TrackNet,0,274,27.068042
TrackNet,0,275,27.5695
TrackNet,0,276,26.033917
TrackNet,0,277,27.052125
TrackNet,0,278,27.370084
TrackNet,0,279,28.356875
TrackNet,0,280,27.026542
TrackNet,0,281,27.390542
TrackNet,0,282,27.209625
TrackNet,0,283,26.4225
TrackNet,0,284,27.310416
TrackNet,0,285,27.027834
TrackNet,0,286,27.783541
TrackNet,0,287,32.3035
TrackNet,0,288,30.5535
TrackNet,0,289,27.6385
TrackNet,0,290,28.01225
TrackNet,0,291,27.977041
TrackNet,0,292,33.079292
TrackNet,0,293,27.081792
TrackNet,0,294,26.915
TrackNet,0,295,26.96025
TrackNet,0,296,28.993708
TrackNet,0,297,26.987125
TrackNet,0,298,26.547958
TrackNet,0,299,26.93225
TrackNet,1,0,26.350625
TrackNet,1,1,26.808625
TrackNet,1,2,26.570959
TrackNet,1,3,26.816667
TrackNet,1,4,27.918
TrackNet,1,5,29.74375
TrackNet,1,6,27.128083
TrackNet,1,7,27.104625
TrackNet,1,8,27.164667
TrackNet,1,9,27.07075
TrackNet,1,10,37.262458
TrackNet,1,11,29.430041
TrackNet,1,12,27.4175
TrackNet,1,13,27.186042
TrackNet,1,14,27.696791
TrackNet,1,15,29.074875
TrackNet,1,16,26.670958
TrackNet,1,17,27.667041
TrackNet,1,18,29.2415
TrackNet,1,19,29.331709
TrackNet,1,20,27.108
TrackNet,1,21,27.510625
TrackNet,1,22,28.639459
TrackNet,1,23,28.445416
TrackNet,1,24,29.8475
TrackNet,1,25,29.409667
TrackNet,1,26,28.932
TrackNet,1,27,27.585708
TrackNet,1,28,28.110166
TrackNet,1,29,27.636417
TrackNet,1,30,27.425583
TrackNet,1,31,27.728292
TrackNet,1,32,28.042125
TrackNet,1,33,27.269208
TrackNet,1,34,27.745875
TrackNet,1,35,28.22725
TrackNet,1,36,27.375708
TrackNet,1,37,27.540875
TrackNet,1,38,27.733209
TrackNet,1,39,27.3985
TrackNet,1,40,28.377166
TrackNet,1,41,27.575208
TrackNet,1,42,27.542833
TrackNet,1,43,27.34275
TrackNet,1,44,28.981875
TrackNet,1,45,28.020292
TrackNet,1,46,27.310917
TrackNet,1,47,27.786208
TrackNet,1,48,27.518208
TrackNet,1,49,26.973791
TrackNet,1,50,27.422292
TrackNet,1,51,27.274
TrackNet,1,52,27.975542
TrackNet,1,53,27.63575
TrackNet,1,54,27.168666
TrackNet,1,55,27.996416
TrackNet,1,56,27.014541
TrackNet,1,57,26.772209
TrackNet,1,58,27.072917
TrackNet,1,59,29.104125
TrackNet,1,60,27.360459
TrackNet,1,61,29.101208
TrackNet,1,62,27.847084
TrackNet,1,63,26.698083
TrackNet,1,64,27.815125
TrackNet,1,65,26.82
TrackNet,1,66,26.788833
TrackNet,1,67,30.24675
TrackNet,1,68,32.425917
TrackNet,1,69,28.051959
TrackNet,1,70,27.111042
TrackNet,1,71,27.158542
TrackNet,1,72,27.559209
TrackNet,1,73,27.134291
TrackNet,1,74,26.699542
TrackNet,1,75,27.366291
TrackNet,1,76,28.290792
TrackNet,1,77,28.029791
TrackNet,1,78,27.808584
TrackNet,1,79,27.2005
TrackNet,1,80,27.910209
TrackNet,1,81,27.715292
TrackNet,1,82,27.416833
TrackNet,1,83,27.538083
TrackNet,1,84,27.962584
TrackNet,1,85,27.438833
TrackNet,1,86,27.616208
TrackNet,1,87,27.4755
TrackNet,1,88,27.349333
TrackNet,1,89,27.766292
TrackNet,1,90,27.172125
TrackNet,1,91,27.337459
TrackNet,1,92,28.054834
TrackNet,1,93,27.838334
TrackNet,1,94,27.413875
TrackNet,1,95,28.321
TrackNet,1,96,27.252792
TrackNet,1,97,28.46075
TrackNet,1,98,27.926875
TrackNet,1,99,27.407459
TrackNet,1,100,28.002791
TrackNet,1,101,27.549417
TrackNet,1,102,26.642375
TrackNet,1,103,27.528584
TrackNet,1,104,27.023
TrackNet,1,105,27.272417
TrackNet,1,106,27.624375
TrackNet,1,107,27.218334
TrackNet,1,108,27.022292
TrackNet,1,109,28.101958
TrackNet,1,110,26.984583
TrackNet,1,111,28.603458
TrackNet,1,112,27.686959
TrackNet,1,113,27.768292
TrackNet,1,114,27.209
TrackNet,1,115,27.831792
TrackNet,1,116,27.608125
TrackNet,1,117,27.328583
TrackNet,1,118,27.021959
TrackNet,1,119,27.135959
TrackNet,1,120,27.439917
TrackNet,1,121,27.047208
TrackNet,1,122,27.599583
TrackNet,1,123,26.951083
TrackNet,1,124,27.479125
TrackNet,1,125,26.525416
TrackNet,1,126,27.811792
TrackNet,1,127,27.18625
TrackNet,1,128,27.717625
TrackNet,1,129,27.317875
TrackNet,1,130,27.585583
TrackNet,1,131,27.163125
TrackNet,1,132,28.124083
TrackNet,1,133,27.853333
TrackNet,1,134,27.498792
TrackNet,1,135,27.403417
TrackNet,1,136,27.444417
TrackNet,1,137,27.835958
TrackNet,1,138,27.292792
TrackNet,1,139,27.013041
TrackNet,1,140,27.0435
TrackNet,1,141,27.638458
TrackNet,1,142,27.685791
TrackNet,1,143,27.276041
TrackNet,1,144,27.527333
TrackNet,1,145,34.4115
TrackNet,1,146,26.523083
TrackNet,1,147,27.477875
TrackNet,1,148,27.618667
TrackNet,1,149,27.405542
TrackNet,1,150,28.0305
TrackNet,1,151,27.610459
TrackNet,1,152,27.121584
TrackNet,1,153,33.54325
TrackNet,1,154,29.955958
TrackNet,1,155,27.616958
TrackNet,1,156,27.449292
TrackNet,1,157,27.854417
TrackNet,1,158,28.020292
TrackNet,1,159,28.427416
TrackNet,1,160,28.505084
TrackNet,1,161,27.216292
TrackNet,1,162,27.524542
TrackNet,1,163,28.106375
TrackNet,1,164,31.124333
TrackNet,1,165,30.860458
TrackNet,1,166,27.440792
TrackNet,1,167,30.37475
TrackNet,1,168,28.324542
TrackNet,1,169,28.028083
TrackNet,1,170,28.216375
TrackNet,1,171,28.864
TrackNet,1,172,26.999541
TrackNet,1,173,28.147083
TrackNet,1,174,27.968416
TrackNet,1,175,27.938875
TrackNet,1,176,27.915417
TrackNet,1,177,28.53975
TrackNet,1,178,27.536708
TrackNet,1,179,28.850583
TrackNet,1,180,28.798292
TrackNet,1,181,28.731375
TrackNet,1,182,27.719416
TrackNet,1,183,30.977792
TrackNet,1,184,29.6805
TrackNet,1,185,27.454458
TrackNet,1,186,28.151708
TrackNet,1,187,28.375458
TrackNet,1,188,28.200792
TrackNet,1,189,27.656875
TrackNet,1,190,27.1265
TrackNet,1,191,28.114583
TrackNet,1,192,27.764208
TrackNet,1,193,27.755334
TrackNet,1,194,27.879542
TrackNet,1,195,27.253709
TrackNet,1,196,27.581792
TrackNet,1,197,27.6945
TrackNet,1,198,26.944292
TrackNet,1,199,27.256417
TrackNet,1,200,27.28025
TrackNet,1,201,28.05975
TrackNet,1,202,27.63975
TrackNet,1,203,28.573833
TrackNet,1,204,27.907417
TrackNet,1,205,27.936292
TrackNet,1,206,27.462208
TrackNet,1,207,27.537042
TrackNet,1,208,27.743167
TrackNet,1,209,28.20375
TrackNet,1,210,27.322833
TrackNet,1,211,27.808667
TrackNet,1,212,27.698542
TrackNet,1,213,27.013083
TrackNet,1,214,27.635334
TrackNet,1,215,27.731833
TrackNet,1,216,27.488125
TrackNet,1,217,27.322084
TrackNet,1,218,27.842291
TrackNet,1,219,26.9805
TrackNet,1,220,28.293416
TrackNet,1,221,31.109334
TrackNet,1,222,27.280167
TrackNet,1,223,27.497333
TrackNet,1,224,29.885667
TrackNet,1,225,27.478708
TrackNet,1,226,27.16025
TrackNet,1,227,27.262666
TrackNet,1,228,27.44625
TrackNet,1,229,27.028166
TrackNet,1,230,27.645375
TrackNet,1,231,28.04425
TrackNet,1,232,27.231833
TrackNet,1,233,27.726958
TrackNet,1,234,27.462834
TrackNet,1,235,26.562292
TrackNet,1,236,27.632458
TrackNet,1,237,26.653708
TrackNet,1,238,27.551833
TrackNet,1,239,27.669625
TrackNet,1,240,27.303583
TrackNet,1,241,27.715375
TrackNet,1,242,27.753916
TrackNet,1,243,27.232541
TrackNet,1,244,26.827916
TrackNet,1,245,26.972708
TrackNet,1,246,27.495083
TrackNet,1,247,27.395667
TrackNet,1,248,27.483208
TrackNet,1,249,27.926292
TrackNet,1,250,28.188334
TrackNet,1,251,27.621834
TrackNet,1,252,27.467958
TrackNet,1,253,27.358
TrackNet,1,254,27.370417
TrackNet,1,255,27.413625
TrackNet,1,256,27.648667
TrackNet,1,257,26.926917
TrackNet,1,258,28.381
TrackNet,1,259,26.937125
TrackNet,1,260,28.882875
TrackNet,1,261,27.615041
TrackNet,1,262,30.434708
TrackNet,1,263,26.98325
TrackNet,1,264,27.24425
TrackNet,1,265,27.212166
TrackNet,1,266,27.046042
TrackNet,1,267,27.888792
TrackNet,1,268,27.550209
TrackNet,1,269,27.082417
TrackNet,1,270,27.585583
TrackNet,1,271,27.704333
TrackNet,1,272,26.824959
TrackNet,1,273,27.542625
TrackNet,1,274,27.204334
TrackNet,1,275,28.384584
TrackNet,1,276,27.517209
TrackNet,1,277,28.411583
TrackNet,1,278,27.188834
TrackNet,1,279,27.40575
TrackNet,1,280,27.926917
TrackNet,1,281,27.805833
TrackNet,1,282,27.4595
TrackNet,1,283,27.623583
TrackNet,1,284,26.611833
TrackNet,1,285,28.187291
TrackNet,1,286,27.107542
TrackNet,1,287,27.04325
TrackNet,1,288,27.594792
TrackNet,1,289,26.513708
TrackNet,1,290,27.59575
TrackNet,1,291,27.298375
TrackNet,1,292,27.111042
TrackNet,1,293,27.420167
TrackNet,1,294,27.719916
TrackNet,1,295,27.508125
TrackNet,1,296,27.263
TrackNet,1,297,31.241666
TrackNet,1,298,35.710208
TrackNet,1,299,28.106167
TrackNet,2,0,29.009541
TrackNet,2,1,30.8315
TrackNet,2,2,32.870708
TrackNet,2,3,28.313625
TrackNet,2,4,29.653667
TrackNet,2,5,32.235083
TrackNet,2,6,28.618542
TrackNet,2,7,27.5565
TrackNet,2,8,28.667416
TrackNet,2,9,27.965583
TrackNet,2,10,28.602458
TrackNet,2,11,28.220167
TrackNet,2,12,29.071167
TrackNet,2,13,28.97175
TrackNet,2,14,28.049084
TrackNet,2,15,28.854167
TrackNet,2,16,27.810833
TrackNet,2,17,28.843375
TrackNet,2,18,28.300417
TrackNet,2,19,27.676792
TrackNet,2,20,27.500875
TrackNet,2,21,28.488292
TrackNet,2,22,29.608959
TrackNet,2,23,29.014375
TrackNet,2,24,27.799542
TrackNet,2,25,28.043625
TrackNet,2,26,28.234208
TrackNet,2,27,27.661334
TrackNet,2,28,28.148958
TrackNet,2,29,27.883708
TrackNet,2,30,27.899208
TrackNet,2,31,28.732042
TrackNet,2,32,28.469167
TrackNet,2,33,27.885125
TrackNet,2,34,26.906834
TrackNet,2,35,28.435791
TrackNet,2,36,26.904834
TrackNet,2,37,29.07125
TrackNet,2,38,27.848042
TrackNet,2,39,27.175958
TrackNet,2,40,28.243458
TrackNet,2,41,28.307708
TrackNet,2,42,27.453667
TrackNet,2,43,27.706583
TrackNet,2,44,27.898541
TrackNet,2,45,28.598834
TrackNet,2,46,27.392375
TrackNet,2,47,28.974
TrackNet,2,48,27.983583
TrackNet,2,49,28.104584
TrackNet,2,50,27.168958
TrackNet,2,51,27.975042
TrackNet,2,52,27.916917
TrackNet,2,53,27.321459
TrackNet,2,54,27.877667
TrackNet,2,55,27.242541
TrackNet,2,56,27.642792
TrackNet,2,57,28.058041
TrackNet,2,58,27.542
TrackNet,2,59,27.860667
TrackNet,2,60,28.222959
TrackNet,2,61,27.370541
TrackNet,2,62,28.433958
TrackNet,2,63,27.664542
TrackNet,2,64,27.933625
TrackNet,2,65,27.632541
TrackNet,2,66,27.1955
TrackNet,2,67,28.751
TrackNet,2,68,27.273958
TrackNet,2,69,28.153084
TrackNet,2,70,27.884458
TrackNet,2,71,27.687417
TrackNet,2,72,28.475709
TrackNet,2,73,34.8355
TrackNet,2,74,28.016833
TrackNet,2,75,27.20475
TrackNet,2,76,27.762791
TrackNet,2,77,27.735916
TrackNet,2,78,27.177
TrackNet,2,79,28.305167
TrackNet,2,80,27.549083
TrackNet,2,81,28.225166
TrackNet,2,82,29.104125
TrackNet,2,83,29.216542
TrackNet,2,84,28.088917
TrackNet,2,85,27.653
TrackNet,2,86,27.782958
TrackNet,2,87,27.779375
TrackNet,2,88,28.189166
TrackNet,2,89,27.904583
TrackNet,2,90,27.6715
TrackNet,2,91,27.796583
TrackNet,2,92,28.051584
TrackNet,2,93,27.50675
TrackNet,2,94,27.945667
TrackNet,2,95,28.183542
TrackNet,2,96,27.624542
TrackNet,2,97,27.703875
TrackNet,2,98,30.740416
TrackNet,2,99,27.741125
TrackNet,2,100,27.70725
TrackNet,2,101,27.2585
TrackNet,2,102,28.548084
TrackNet,2,103,29.630209
TrackNet,2,104,34.500667
TrackNet,2,105,113.417667
TrackNet,2,106,106.782792
TrackNet,2,107,37.970792
TrackNet,2,108,39.489042
TrackNet,2,109,33.438875
TrackNet,2,110,34.637917
TrackNet,2,111,33.4765
TrackNet,2,112,34.627583
TrackNet,2,113,35.904416
TrackNet,2,114,45.263333
TrackNet,2,115,59.368542
TrackNet,2,116,34.697084
TrackNet,2,117,38.179666
TrackNet,2,118,50.403875
TrackNet,2,119,55.728
TrackNet,2,120,59.393459
TrackNet,2,121,56.06025
TrackNet,2,122,62.223917
TrackNet,2,123,105.743375
TrackNet,2,124,52.470042
TrackNet,2,125,55.482417
TrackNet,2,126,52.053
TrackNet,2,127,60.213417
TrackNet,2,128,57.120916
TrackNet,2,129,60.828833
TrackNet,2,130,57.493917
TrackNet,2,131,51.955583
TrackNet,2,132,54.74825
TrackNet,2,133,50.607042
TrackNet,2,134,44.889708
TrackNet,2,135,35.509708
TrackNet,2,136,32.607791
TrackNet,2,137,33.660834
TrackNet,2,138,33.745125
TrackNet,2,139,41.60275
TrackNet,2,140,37.190125
TrackNet,2,141,33.7395
TrackNet,2,142,36.953958
TrackNet,2,143,35.548833
TrackNet,2,144,33.406833
TrackNet,2,145,29.335375
TrackNet,2,146,28.11
TrackNet,2,147,28.809917
TrackNet,2,148,28.955875
TrackNet,2,149,27.742625
TrackNet,2,150,30.661709
TrackNet,2,151,33.385083
TrackNet,2,152,32.1385
TrackNet,2,153,33.102375
TrackNet,2,154,32.440125
TrackNet,2,155,30.135917
TrackNet,2,156,30.500917
TrackNet,2,157,28.203958
TrackNet,2,158,29.654167
TrackNet,2,159,28.007708
TrackNet,2,160,28.70375
TrackNet,2,161,28.356958
TrackNet,2,162,29.250208
TrackNet,2,163,28.534833
TrackNet,2,164,28.85075
TrackNet,2,165,28.088166
TrackNet,2,166,28.610209
TrackNet,2,167,29.696125
TrackNet,2,168,29.066958
TrackNet,2,169,28.26775
TrackNet,2,170,28.454875
TrackNet,2,171,28.510833
TrackNet,2,172,28.697083
TrackNet,2,173,27.830208
TrackNet,2,174,28.723625
TrackNet,2,175,29.297625
TrackNet,2,176,28.036541
TrackNet,2,177,28.9265
TrackNet,2,178,27.674958
TrackNet,2,179,28.680833
TrackNet,2,180,34.896834
TrackNet,2,181,38.608833
TrackNet,2,182,35.946583
TrackNet,2,183,36.638042
TrackNet,2,184,43.524667
TrackNet,2,185,42.343959
TrackNet,2,186,40.147833
TrackNet,2,187,37.744042
TrackNet,2,188,45.562917
TrackNet,2,189,46.652875
TrackNet,2,190,33.231208
TrackNet,2,191,32.113958
TrackNet,2,192,31.302833
TrackNet,2,193,43.635
TrackNet,2,194,33.202
TrackNet,2,195,31.875958
TrackNet,2,196,40.746
TrackNet,2,197,32.400667
TrackNet,2,198,29.305083
TrackNet,2,199,30.535292
TrackNet,2,200,29.887625
TrackNet,2,201,28.930375
TrackNet,2,202,29.326916
TrackNet,2,203,29.761917
TrackNet,2,204,29.540875
TrackNet,2,205,28.521375
TrackNet,2,206,30.114709
TrackNet,2,207,41.7255
TrackNet,2,208,32.261666
TrackNet,2,209,29.1325
TrackNet,2,210,30.129375
TrackNet,2,211,29.686833
TrackNet,2,212,28.252083
TrackNet,2,213,28.061042
TrackNet,2,214,29.273542
TrackNet,2,215,31.0235
TrackNet,2,216,34.23325
TrackNet,2,217,31.235875
TrackNet,2,218,38.392834
TrackNet,2,219,29.390292
TrackNet,2,220,31.139
TrackNet,2,221,30.154167
TrackNet,2,222,28.848333
TrackNet,2,223,29.940917
TrackNet,2,224,29.428875
TrackNet,2,225,28.589417
TrackNet,2,226,29.9575
TrackNet,2,227,29.856625
TrackNet,2,228,28.606333
TrackNet,2,229,30.169375
TrackNet,2,230,29.151459
TrackNet,2,231,29.583667
TrackNet,2,232,29.508333
TrackNet,2,233,28.165166
TrackNet,2,234,30.113
TrackNet,2,235,29.582417
TrackNet,2,236,29.21125
TrackNet,2,237,29.699667
TrackNet,2,238,33.459667
TrackNet,2,239,39.992459
TrackNet,2,240,29.966625
TrackNet,2,241,29.773584
TrackNet,2,242,33.69575
TrackNet,2,243,28.383708
TrackNet,2,244,29.140958
TrackNet,2,245,29.729583
TrackNet,2,246,28.86375
TrackNet,2,247,29.372708
TrackNet,2,248,29.4225
TrackNet,2,249,30.023917
TrackNet,2,250,29.49675
TrackNet,2,251,31.250208
TrackNet,2,252,29.345292
TrackNet,2,253,29.042125
TrackNet,2,254,32.70075
TrackNet,2,255,29.742875
TrackNet,2,256,34.961167
TrackNet,2,257,29.9445
TrackNet,2,258,30.9105
TrackNet,2,259,29.323791
TrackNet,2,260,31.580042
TrackNet,2,261,28.706125
TrackNet,2,262,31.28925
TrackNet,2,263,29.248542
TrackNet,2,264,28.969625
TrackNet,2,265,29.012959
TrackNet,2,266,29.836166
TrackNet,2,267,28.794334
TrackNet,2,268,28.933708
TrackNet,2,269,28.599958
TrackNet,2,270,30.202166
TrackNet,2,271,30.226916
TrackNet,2,272,28.8565
TrackNet,2,273,29.263834
TrackNet,2,274,28.947542
TrackNet,2,275,28.800875
TrackNet,2,276,28.375083
TrackNet,2,277,28.550542
TrackNet,2,278,28.662125
TrackNet,2,279,28.800834
TrackNet,2,280,29.887833
TrackNet,2,281,28.351042
TrackNet,2,282,28.715958
TrackNet,2,283,28.74725
TrackNet,2,284,29.892291
TrackNet,2,285,30.875417
TrackNet,2,286,30.242209
TrackNet,2,287,30.785792
TrackNet,2,288,29.985875
TrackNet,2,289,29.629208
TrackNet,2,290,30.344625
TrackNet,2,291,29.246083
TrackNet,2,292,30.588084
TrackNet,2,293,30.330875
TrackNet,2,294,30.557375
TrackNet,2,295,30.587333
TrackNet,2,296,29.650375
TrackNet,2,297,29.299292
TrackNet,2,298,29.657667
TrackNet,2,299,30.388666
TrackNet,3,0,28.143666
TrackNet,3,1,28.279833
TrackNet,3,2,31.632
TrackNet,3,3,30.206083
TrackNet,3,4,32.876167
TrackNet,3,5,35.703
TrackNet,3,6,32.324083
TrackNet,3,7,29.369333
TrackNet,3,8,28.881333
TrackNet,3,9,29.37575
TrackNet,3,10,30.246
TrackNet,3,11,28.343875
TrackNet,3,12,28.498458
TrackNet,3,13,28.462625
TrackNet,3,14,28.740417
TrackNet,3,15,28.968625
TrackNet,3,16,28.740042
TrackNet,3,17,28.7945
TrackNet,3,18,31.252833
TrackNet,3,19,30.392542
TrackNet,3,20,31.08325
TrackNet,3,21,28.782625
TrackNet,3,22,29.781042
TrackNet,3,23,29.387375
TrackNet,3,24,29.31425
TrackNet,3,25,28.972375
TrackNet,3,26,29.590167
TrackNet,3,27,35.346125
TrackNet,3,28,38.385292
TrackNet,3,29,45.918375
TrackNet,3,30,34.958708
TrackNet,3,31,33.749417
TrackNet,3,32,32.98275
TrackNet,3,33,34.084125
TrackNet,3,34,32.922791
TrackNet,3,35,31.9255
TrackNet,3,36,29.940541
TrackNet,3,37,29.629584
TrackNet,3,38,29.085333
TrackNet,3,39,28.969625
TrackNet,3,40,29.559583
TrackNet,3,41,29.212958
TrackNet,3,42,29.437834
TrackNet,3,43,29.165792
TrackNet,3,44,32.844291
TrackNet,3,45,42.157042
TrackNet,3,46,37.857417
TrackNet,3,47,29.607125
TrackNet,3,48,29.987542
TrackNet,3,49,30.1735
TrackNet,3,50,30.98775
TrackNet,3,51,30.128833
TrackNet,3,52,29.618292
TrackNet,3,53,28.793459
TrackNet,3,54,30.178666
TrackNet,3,55,36.410125
TrackNet,3,56,44.797083
TrackNet,3,57,33.262
TrackNet,3,58,48.618584
TrackNet,3,59,33.9935
TrackNet,3,60,39.121875
TrackNet,3,61,43.732167
TrackNet,3,62,45.77975
TrackNet,3,63,42.831208
TrackNet,3,64,32.997417
TrackNet,3,65,42.989667
TrackNet,3,66,39.553334
TrackNet,3,67,39.29525
TrackNet,3,68,37.870041
TrackNet,3,69,40.098375
TrackNet,3,70,35.0445
TrackNet,3,71,37.393
TrackNet,3,72,39.603834
TrackNet,3,73,32.2985
TrackNet,3,74,30.766792
TrackNet,3,75,32.932708
TrackNet,3,76,33.913542
TrackNet,3,77,29.809625
TrackNet,3,78,34.472292
TrackNet,3,79,32.3195
TrackNet,3,80,30.893583
TrackNet,3,81,32.003875
TrackNet,3,82,29.860292
TrackNet,3,83,37.085042
TrackNet,3,84,30.47675
TrackNet,3,85,32.560959
TrackNet,3,86,31.090375
TrackNet,3,87,31.08275
TrackNet,3,88,32.799292
TrackNet,3,89,37.945458
TrackNet,3,90,32.278542
TrackNet,3,91,47.349792
TrackNet,3,92,45.392958
TrackNet,3,93,46.26175
TrackNet,3,94,48.1195
TrackNet,3,95,53.654542
TrackNet,3,96,62.748083
TrackNet,3,97,48.794167
TrackNet,3,98,60.423833
TrackNet,3,99,52.392833
TrackNet,3,100,55.363
TrackNet,3,101,48.814125
TrackNet,3,102,42.682875
TrackNet,3,103,53.818375
TrackNet,3,104,51.612166
TrackNet,3,105,50.061167
TrackNet,3,106,47.942417
TrackNet,3,107,42.60825
TrackNet,3,108,37.815083
TrackNet,3,109,40.834709
TrackNet,3,110,43.1395
TrackNet,3,111,40.898
TrackNet,3,112,37.5895
TrackNet,3,113,43.821459
TrackNet,3,114,35.035417
TrackNet,3,115,31.014167
TrackNet,3,116,31.472459
TrackNet,3,117,30.394875
TrackNet,3,118,49.00425
TrackNet,3,119,43.387375
TrackNet,3,120,53.77675
TrackNet,3,121,54.228833
TrackNet,3,122,36.110084
TrackNet,3,123,36.340792
TrackNet,3,124,49.291
TrackNet,3,125,33.618333
TrackNet,3,126,34.623875
TrackNet,3,127,32.6345
TrackNet,3,128,39.87175
TrackNet,3,129,41.909209
TrackNet,3,130,34.738625
TrackNet,3,131,41.43725
TrackNet,3,132,33.135917
TrackNet,3,133,33.494
TrackNet,3,134,31.856583
TrackNet,3,135,31.33775
TrackNet,3,136,30.101875
TrackNet,3,137,31.853875
TrackNet,3,138,29.948209
TrackNet,3,139,30.601958
TrackNet,3,140,33.593708
TrackNet,3,141,29.765333
TrackNet,3,142,30.913292
TrackNet,3,143,30.277167
TrackNet,3,144,30.237208
TrackNet,3,145,31.02375
TrackNet,3,146,30.331375
TrackNet,3,147,29.817459
TrackNet,3,148,31.244792
TrackNet,3,149,30.111167
TrackNet,3,150,30.872458
TrackNet,3,151,30.847209
TrackNet,3,152,29.776292
TrackNet,3,153,36.162375
TrackNet,3,154,33.125375
TrackNet,3,155,31.271584
TrackNet,3,156,30.814833
TrackNet,3,157,30.635584
TrackNet,3,158,30.079583
TrackNet,3,159,30.898958
TrackNet,3,160,30.331125
TrackNet,3,161,30.14
TrackNet,3,162,30.112875
TrackNet,3,163,29.892416
TrackNet,3,164,30.988041
TrackNet,3,165,30.992917
TrackNet,3,166,30.558458
TrackNet,3,167,30.798125
TrackNet,3,168,30.535125
TrackNet,3,169,30.144083
TrackNet,3,170,31.036167
TrackNet,3,171,29.403083
TrackNet,3,172,31.389083
TrackNet,3,173,31.401666
TrackNet,3,174,39.613834
TrackNet,3,175,32.833625
TrackNet,3,176,32.078208
TrackNet,3,177,34.603834
TrackNet,3,178,44.875791
TrackNet,3,179,61.785625
TrackNet,3,180,60.599041
TrackNet,3,181,55.693
TrackNet,3,182,56.096792
TrackNet,3,183,41.610792
TrackNet,3,184,52.064416
TrackNet,3,185,41.944708
TrackNet,3,186,49.857
TrackNet,3,187,48.212417
TrackNet,3,188,41.590666
TrackNet,3,189,45.231708
TrackNet,3,190,38.094041
TrackNet,3,191,32.776416
TrackNet,3,192,31.881458
TrackNet,3,193,32.072125
TrackNet,3,194,31.762791
TrackNet,3,195,32.450583
TrackNet,3,196,31.679667
TrackNet,3,197,33.079792
TrackNet,3,198,32.128
TrackNet,3,199,31.433
TrackNet,3,200,34.73925
TrackNet,3,201,31.607417
TrackNet,3,202,31.174292
TrackNet,3,203,30.715708
TrackNet,3,204,31.070458
TrackNet,3,205,31.658125
TrackNet,3,206,31.395417
TrackNet,3,207,32.47325
TrackNet,3,208,31.299333
TrackNet,3,209,31.612542
TrackNet,3,210,31.3295
TrackNet,3,211,30.813834
TrackNet,3,212,31.836916
TrackNet,3,213,31.016709
TrackNet,3,214,31.201875
TrackNet,3,215,31.393708
TrackNet,3,216,32.795292
TrackNet,3,217,31.296083
TrackNet,3,218,31.929125
TrackNet,3,219,30.8345
TrackNet,3,220,31.150125
TrackNet,3,221,30.553916
TrackNet,3,222,31.105
TrackNet,3,223,31.915417
TrackNet,3,224,31.419833
TrackNet,3,225,31.31125
TrackNet,3,226,31.569417
TrackNet,3,227,31.140584
TrackNet,3,228,30.566
TrackNet,3,229,31.1955
TrackNet,3,230,31.597417
TrackNet,3,231,30.694959
TrackNet,3,232,31.100917
TrackNet,3,233,30.82775
TrackNet,3,234,31.669708
TrackNet,3,235,30.6655
TrackNet,3,236,31.787542
TrackNet,3,237,30.463167
TrackNet,3,238,30.898333
TrackNet,3,239,31.30375
TrackNet,3,240,31.211083
TrackNet,3,241,30.856667
TrackNet,3,242,32.388417
TrackNet,3,243,31.588083
TrackNet,3,244,31.122041
TrackNet,3,245,31.23325
TrackNet,3,246,30.608666
TrackNet,3,247,31.480542
TrackNet,3,248,32.049542
TrackNet,3,249,31.905958
TrackNet,3,250,31.159875
TrackNet,3,251,30.776459
TrackNet,3,252,33.605208
TrackNet,3,253,30.640042
TrackNet,3,254,31.19075
TrackNet,3,255,32.062625
TrackNet,3,256,31.105292
TrackNet,3,257,31.310834
TrackNet,3,258,32.3955
TrackNet,3,259,30.688542
TrackNet,3,260,33.142333
TrackNet,3,261,32.311583
TrackNet,3,262,34.677125
TrackNet,3,263,30.650209
TrackNet,3,264,31.976083
TrackNet,3,265,31.31575
TrackNet,3,266,31.276708
TrackNet,3,267,31.403917
TrackNet,3,268,36.696542
TrackNet,3,269,31.337166
TrackNet,3,270,32.302875
TrackNet,3,271,31.269
TrackNet,3,272,31.543042
TrackNet,3,273,32.586417
TrackNet,3,274,32.862667
TrackNet,3,275,33.302
TrackNet,3,276,33.716917
TrackNet,3,277,31.756917
TrackNet,3,278,31.223709
TrackNet,3,279,32.710167
TrackNet,3,280,31.050208
TrackNet,3,281,32.546
TrackNet,3,282,31.202917
TrackNet,3,283,32.818583
TrackNet,3,284,31.022083
TrackNet,3,285,32.1795
TrackNet,3,286,31.494833
TrackNet,3,287,32.160583
TrackNet,3,288,31.763583
TrackNet,3,289,31.697
TrackNet,3,290,32.378834
TrackNet,3,291,32.310541
TrackNet,3,292,45.868583
TrackNet,3,293,45.935
TrackNet,3,294,48.865625
TrackNet,3,295,39.283083
TrackNet,3,296,33.548
TrackNet,3,297,37.372708
TrackNet,3,298,33.607875
TrackNet,3,299,33.189042
TrackNet,4,0,32.911875
TrackNet,4,1,31.174792
TrackNet,4,2,33.760084
TrackNet,4,3,42.030875
TrackNet,4,4,33.716291
TrackNet,4,5,36.500834
TrackNet,4,6,33.197958
TrackNet,4,7,33.479833
TrackNet,4,8,33.521709
TrackNet,4,9,33.543541
TrackNet,4,10,32.007292
TrackNet,4,11,34.454375
TrackNet,4,12,33.502292
TrackNet,4,13,33.153708
TrackNet,4,14,33.024291
TrackNet,4,15,33.126208
TrackNet,4,16,33.080792
TrackNet,4,17,32.524791
TrackNet,4,18,33.02625
TrackNet,4,19,33.587667
TrackNet,4,20,33.52675
TrackNet,4,21,33.362833
TrackNet,4,22,32.796667
TrackNet,4,23,32.859
TrackNet,4,24,33.507583
TrackNet,4,25,31.855625
TrackNet,4,26,32.103459
TrackNet,4,27,32.576792
TrackNet,4,28,32.944833
TrackNet,4,29,32.460042
TrackNet,4,30,32.563584
TrackNet,4,31,38.119833
TrackNet,4,32,33.088875
TrackNet,4,33,33.778959
TrackNet,4,34,33.472917
TrackNet,4,35,32.989834
TrackNet,4,36,32.578209
TrackNet,4,37,32.880667
TrackNet,4,38,32.170916
TrackNet,4,39,32.286291
TrackNet,4,40,32.841333
TrackNet,4,41,32.655542
TrackNet,4,42,32.354167
TrackNet,4,43,31.457375
TrackNet,4,44,32.429583
TrackNet,4,45,32.363875
TrackNet,4,46,32.118833
TrackNet,4,47,32.234875
TrackNet,4,48,32.114417
TrackNet,4,49,33.51
TrackNet,4,50,32.548583
TrackNet,4,51,35.007125
TrackNet,4,52,35.620542
TrackNet,4,53,33.334958
TrackNet,4,54,33.89175
TrackNet,4,55,32.739166
TrackNet,4,56,32.928959
TrackNet,4,57,33.366916
TrackNet,4,58,31.578375
TrackNet,4,59,33.421959
TrackNet,4,60,32.639708
TrackNet,4,61,32.598833
TrackNet,4,62,39.541875
TrackNet,4,63,36.724042
TrackNet,4,64,37.905916
TrackNet,4,65,38.490625
TrackNet,4,66,35.921625
TrackNet,4,67,33.794708
TrackNet,4,68,32.762792
TrackNet,4,69,33.4985
TrackNet,4,70,32.771292
TrackNet,4,71,33.803125
TrackNet,4,72,32.491792
TrackNet,4,73,32.717334
TrackNet,4,74,33.074292
TrackNet,4,75,32.446541
TrackNet,4,76,33.525542
TrackNet,4,77,33.168833
TrackNet,4,78,33.648083
TrackNet,4,79,33.403375
TrackNet,4,80,33.822417
TrackNet,4,81,32.929875
TrackNet,4,82,33.220083
TrackNet,4,83,32.448292
TrackNet,4,84,33.207292
TrackNet,4,85,33.304333
TrackNet,4,86,33.151916
TrackNet,4,87,32.722875
TrackNet,4,88,32.916667
TrackNet,4,89,33.31925
TrackNet,4,90,33.768625
TrackNet,4,91,33.810125
TrackNet,4,92,33.772708
TrackNet,4,93,58.737334
TrackNet,4,94,153.557417
TrackNet,4,95,78.417209
TrackNet,4,96,47.451041
TrackNet,4,97,45.87975
TrackNet,4,98,37.577875
TrackNet,4,99,42.744
TrackNet,4,100,42.966542
TrackNet,4,101,40.849542
TrackNet,4,102,42.611541
TrackNet,4,103,68.385916
TrackNet,4,104,36.711958
TrackNet,4,105,36.492875
TrackNet,4,106,36.646292
TrackNet,4,107,36.138958
TrackNet,4,108,43.091875
TrackNet,4,109,40.885084
TrackNet,4,110,41.156458
TrackNet,4,111,40.1335
TrackNet,4,112,36.960375
TrackNet,4,113,40.142458
TrackNet,4,114,36.026583
TrackNet,4,115,37.475542
TrackNet,4,116,39.724208
TrackNet,4,117,41.988333
TrackNet,4,118,42.62425
TrackNet,4,119,40.72075
TrackNet,4,120,40.700916
TrackNet,4,121,40.886083
TrackNet,4,122,40.533958
TrackNet,4,123,39.81825
TrackNet,4,124,40.309667
TrackNet,4,125,39.141583
TrackNet,4,126,39.409084
TrackNet,4,127,38.905375
TrackNet,4,128,39.013125
TrackNet,4,129,40.336667
TrackNet,4,130,37.453792
TrackNet,4,131,35.897833
TrackNet,4,132,34.998208
TrackNet,4,133,36.454291
TrackNet,4,134,37.531083
TrackNet,4,135,36.553125
TrackNet,4,136,54.77725
TrackNet,4,137,101.768417
TrackNet,4,138,53.613083
TrackNet,4,139,44.278583
TrackNet,4,140,48.147166
TrackNet,4,141,52.703666
TrackNet,4,142,40.018542
TrackNet,4,143,43.170458
TrackNet,4,144,43.364667
TrackNet,4,145,37.567417
TrackNet,4,146,42.297584
TrackNet,4,147,38.492542
TrackNet,4,148,42.645291
TrackNet,4,149,40.637666
TrackNet,4,150,38.25425
TrackNet,4,151,40.466041
TrackNet,4,152,37.219
TrackNet,4,153,38.245458
TrackNet,4,154,37.314042
TrackNet,4,155,35.247125
TrackNet,4,156,33.599416
TrackNet,4,157,35.4005
TrackNet,4,158,33.391
TrackNet,4,159,44.002917
TrackNet,4,160,52.576917
TrackNet,4,161,49.8385
TrackNet,4,162,65.166667
TrackNet,4,163,56.839041
TrackNet,4,164,63.157583
TrackNet,4,165,57.03575
TrackNet,4,166,57.93175
TrackNet,4,167,42.712042
TrackNet,4,168,54.657125
TrackNet,4,169,53.575584
TrackNet,4,170,52.201375
TrackNet,4,171,47.597042
TrackNet,4,172,48.530209
TrackNet,4,173,47.582958
TrackNet,4,174,44.987291
TrackNet,4,175,49.722375
TrackNet,4,176,36.606709
TrackNet,4,177,37.439208
TrackNet,4,178,35.156167
TrackNet,4,179,38.619708
TrackNet,4,180,36.36525
TrackNet,4,181,36.179333
TrackNet,4,182,35.271667
TrackNet,4,183,35.408916
TrackNet,4,184,35.195875
TrackNet,4,185,34.326416
TrackNet,4,186,35.23175
TrackNet,4,187,35.608042
TrackNet,4,188,33.567041
TrackNet,4,189,34.736959
TrackNet,4,190,34.404
TrackNet,4,191,34.442166
TrackNet,4,192,35.125
TrackNet,4,193,34.562833
TrackNet,4,194,35.398708
TrackNet,4,195,34.61375
TrackNet,4,196,34.93375
TrackNet,4,197,38.908583
TrackNet,4,198,38.1845
TrackNet,4,199,35.882583
TrackNet,4,200,35.123583
TrackNet,4,201,36.648583
TrackNet,4,202,35.615917
TrackNet,4,203,36.79825
TrackNet,4,204,35.8145
TrackNet,4,205,35.221292
TrackNet,4,206,35.958833
TrackNet,4,207,35.292458
TrackNet,4,208,37.031917
TrackNet,4,209,37.651042
TrackNet,4,210,35.922667
TrackNet,4,211,35.253667
TrackNet,4,212,37.270792
TrackNet,4,213,36.906333
TrackNet,4,214,36.189375
TrackNet,4,215,35.787417
TrackNet,4,216,37.261459
TrackNet,4,217,36.555875
TrackNet,4,218,34.900708
TrackNet,4,219,36.324041
TrackNet,4,220,36.371917
TrackNet,4,221,36.1675
TrackNet,4,222,42.709875
TrackNet,4,223,47.093167
TrackNet,4,224,62.058792
TrackNet,4,225,55.919334
TrackNet,4,226,47.076167
TrackNet,4,227,38.057417
TrackNet,4,228,39.14925
TrackNet,4,229,37.596833
TrackNet,4,230,39.428834
TrackNet,4,231,38.598958
TrackNet,4,232,37.195125
TrackNet,4,233,39.808875
TrackNet,4,234,35.518042
TrackNet,4,235,37.241166
TrackNet,4,236,35.444834
TrackNet,4,237,35.867666
TrackNet,4,238,35.181167
TrackNet,4,239,36.328667
TrackNet,4,240,35.938583
TrackNet,4,241,34.719625
TrackNet,4,242,36.225625
TrackNet,4,243,35.709625
TrackNet,4,244,36.272666
TrackNet,4,245,35.091417
TrackNet,4,246,36.51525
TrackNet,4,247,35.031333
TrackNet,4,248,35.367625
TrackNet,4,249,35.538916
TrackNet,4,250,42.230208
TrackNet,4,251,38.964
TrackNet,4,252,38.185708
TrackNet,4,253,36.839458
TrackNet,4,254,35.148125
TrackNet,4,255,37.24475
TrackNet,4,256,36.21325
TrackNet,4,257,36.223625
TrackNet,4,258,35.823416
TrackNet,4,259,35.4485
TrackNet,4,260,38.579333
TrackNet,4,261,36.417959
TrackNet,4,262,40.827208
TrackNet,4,263,36.599292
TrackNet,4,264,36.45275
TrackNet,4,265,35.443708
TrackNet,4,266,36.515208
TrackNet,4,267,36.951125
TrackNet,4,268,36.3515
TrackNet,4,269,36.313458
TrackNet,4,270,36.258583
TrackNet,4,271,35.276667
TrackNet,4,272,36.324542
TrackNet,4,273,35.459208
TrackNet,4,274,36.379459
TrackNet,4,275,36.339541
TrackNet,4,276,35.831875
TrackNet,4,277,36.190166
TrackNet,4,278,34.976375
TrackNet,4,279,36.817
TrackNet,4,280,36.833792
TrackNet,4,281,35.891833
TrackNet,4,282,37.215458
TrackNet,4,283,34.512917
TrackNet,4,284,36.504375
TrackNet,4,285,36.392458
TrackNet,4,286,36.719834
TrackNet,4,287,36.6745
TrackNet,4,288,35.837833
TrackNet,4,289,36.28125
TrackNet,4,290,36.201083
TrackNet,4,291,36.487959
TrackNet,4,292,35.706375
TrackNet,4,293,36.015292
TrackNet,4,294,36.384833
TrackNet,4,295,35.934375
TrackNet,4,296,36.534834
TrackNet,4,297,36.741375
TrackNet,4,298,36.008042
TrackNet,4,299,37.373542
YOLO,0,0,50.371958
YOLO,0,1,51.911791
YOLO,0,2,59.406458
YOLO,0,3,55.378042
YOLO,0,4,69.554667
YOLO,0,5,53.121667
YOLO,0,6,58.177166
YOLO,0,7,54.725292
YOLO,0,8,52.231291
YOLO,0,9,50.112791
YOLO,0,10,53.199791
YOLO,0,11,49.356708
YOLO,0,12,50.45225
YOLO,0,13,50.145208
YOLO,0,14,49.232208
YOLO,0,15,50.0355
YOLO,0,16,61.6075
YOLO,0,17,53.190333
YOLO,0,18,51.222125
YOLO,0,19,49.62725
YOLO,0,20,51.716542
YOLO,0,21,49.372209
YOLO,0,22,48.664333
YOLO,0,23,49.684708
YOLO,0,24,49.695334
YOLO,0,25,48.545625
YOLO,0,26,49.066875
YOLO,0,27,51.350209
YOLO,0,28,51.101958
YOLO,0,29,48.885958
YOLO,0,30,48.851542
YOLO,0,31,47.775083
YOLO,0,32,48.837458
YOLO,0,33,48.611375
YOLO,0,34,50.94
YOLO,0,35,47.737959
YOLO,0,36,48.564084
YOLO,0,37,50.900667
YOLO,0,38,49.640875
YOLO,0,39,47.1345
YOLO,0,40,48.508042
YOLO,0,41,57.154208
YOLO,0,42,54.336
YOLO,0,43,57.4775
YOLO,0,44,53.379209
YOLO,0,45,49.445958
YOLO,0,46,48.0795
YOLO,0,47,49.801958
YOLO,0,48,49.095666
YOLO,0,49,47.220167
YOLO,0,50,49.202
YOLO,0,51,47.790459
YOLO,0,52,49.149
YOLO,0,53,59.4085
YOLO,0,54,50.331
YOLO,0,55,49.063791
YOLO,0,56,49.823625
YOLO,0,57,50.311166
YOLO,0,58,60.104375
YOLO,0,59,67.867625
YOLO,0,60,49.529042
YOLO,0,61,50.154292
YOLO,0,62,50.524333
YOLO,0,63,49.983459
YOLO,0,64,50.0085
YOLO,0,65,55.65975
YOLO,0,66,53.014541
YOLO,0,67,51.354125
YOLO,0,68,53.243708
YOLO,0,69,52.267291
YOLO,0,70,50.241917
YOLO,0,71,52.0965
YOLO,0,72,49.983292
YOLO,0,73,52.214208
YOLO,0,74,51.840916
YOLO,0,75,49.507167
YOLO,0,76,51.412708
YOLO,0,77,52.377875
YOLO,0,78,50.860959
YOLO,0,79,50.622916
YOLO,0,80,51.079542
YOLO,0,81,51.027833
YOLO,0,82,51.322708
YOLO,0,83,52.453625
YOLO,0,84,52.120709
YOLO,0,85,52.266959
YOLO,0,86,51.04525
YOLO,0,87,50.777667
YOLO,0,88,52.467291
YOLO,0,89,51.173958
YOLO,0,90,50.908625
YOLO,0,91,50.866583
YOLO,0,92,50.610208
YOLO,0,93,52.127792
YOLO,0,94,50.636166
YOLO,0,95,50.546709
YOLO,0,96,50.646958
YOLO,0,97,54.025
YOLO,0,98,53.380042
YOLO,0,99,52.468583
YOLO,0,100,52.139208
YOLO,0,101,52.838833
YOLO,0,102,52.12075
YOLO,0,103,52.221958
YOLO,0,104,51.785625
YOLO,0,105,53.07575
YOLO,0,106,51.452958
YOLO,0,107,53.189125
YOLO,0,108,52.32025
YOLO,0,109,51.610542
YOLO,0,110,52.574834
YOLO,0,111,52.109042
YOLO,0,112,52.142208
YOLO,0,113,54.561833
YOLO,0,114,52.0675
YOLO,0,115,52.207375
YOLO,0,116,52.706917
YOLO,0,117,52.563625
YOLO,0,118,50.541375
YOLO,0,119,51.233417
YOLO,0,120,51.562417
YOLO,0,121,50.560875
YOLO,0,122,52.275333
YOLO,0,123,53.04125
YOLO,0,124,53.630708
YOLO,0,125,52.053875
YOLO,0,126,53.27625
YOLO,0,127,50.823583
YOLO,0,128,51.851916
YOLO,0,129,51.7535
YOLO,0,130,50.868542
YOLO,0,131,52.360292
YOLO,0,132,50.4645
YOLO,0,133,52.354625
YOLO,0,134,52.473291
YOLO,0,135,63.25175
YOLO,0,136,60.831834
YOLO,0,137,70.282542
YOLO,0,138,60.545542
YOLO,0,139,57.757042
YOLO,0,140,52.481875
YOLO,0,141,54.568542
YOLO,0,142,54.449625
YOLO,0,143,54.495792
YOLO,0,144,53.875542
YOLO,0,145,53.41425
YOLO,0,146,59.334542
YOLO,0,147,55.118666
YOLO,0,148,52.232334
YOLO,0,149,53.8285
YOLO,0,150,53.381875
YOLO,0,151,53.230625
YOLO,0,152,54.838417
YOLO,0,153,53.955458
YOLO,0,154,52.974333
YOLO,0,155,52.471833
YOLO,0,156,52.823625
YOLO,0,157,52.698208
YOLO,0,158,52.548542
YOLO,0,159,52.527625
YOLO,0,160,53.470708
YOLO,0,161,53.042417
YOLO,0,162,53.115666
YOLO,0,163,52.603666
YOLO,0,164,52.766833
YOLO,0,165,53.17425
YOLO,0,166,54.330208
YOLO,0,167,53.250417
YOLO,0,168,53.557209
YOLO,0,169,52.778875
YOLO,0,170,52.659291
YOLO,0,171,53.207375
YOLO,0,172,54.377375
YOLO,0,173,52.481625
YOLO,0,174,54.746625
YOLO,0,175,54.785416
YOLO,0,176,57.799792
YOLO,0,177,55.709833
YOLO,0,178,54.344166
YOLO,0,179,53.9965
YOLO,0,180,53.557291
YOLO,0,181,55.332667
YOLO,0,182,54.542666
YOLO,0,183,54.828333
YOLO,0,184,52.813667
YOLO,0,185,54.886417
YOLO,0,186,58.466917
YOLO,0,187,52.465125
YOLO,0,188,54.614916
YOLO,0,189,56.368959
YOLO,0,190,87.046666
YOLO,0,191,64.411958
YOLO,0,192,56.80275
YOLO,0,193,56.239125
YOLO,0,194,54.567958
YOLO,0,195,54.732875
YOLO,0,196,56.345916
YOLO,0,197,55.77275
YOLO,0,198,54.851458
YOLO,0,199,55.03425
YOLO,0,200,54.804
YOLO,0,201,54.78325
YOLO,0,202,54.881709
YOLO,0,203,59.772917
YOLO,0,204,56.244417
YOLO,0,205,54.7745
YOLO,0,206,55.279959
YOLO,0,207,62.252041
YOLO,0,208,56.211
YOLO,0,209,57.105
YOLO,0,210,57.683375
YOLO,0,211,56.468791
YOLO,0,212,57.833916
YOLO,0,213,58.150458
YOLO,0,214,68.607375
YOLO,0,215,67.588375
YOLO,0,216,67.999459
YOLO,0,217,59.630333
YOLO,0,218,60.571416
YOLO,0,219,63.876708
YOLO,0,220,65.939
YOLO,0,221,64.535208
YOLO,0,222,65.35125
YOLO,0,223,65.25825
YOLO,0,224,62.20075
YOLO,0,225,59.023459
YOLO,0,226,58.418708
YOLO,0,227,58.8025
YOLO,0,228,343.862125
YOLO,0,229,159.925458
YOLO,0,230,117.37325
YOLO,0,231,95.847542
YOLO,0,232,89.378875
YOLO,0,233,75.074667
YOLO,0,234,75.739334
YOLO,0,235,68.1345
YOLO,0,236,69.294042
YOLO,0,237,75.789916
YOLO,0,238,73.833917
YOLO,0,239,85.646708
YOLO,0,240,80.725084
YOLO,0,241,71.313541
YOLO,0,242,87.572209
YOLO,0,243,78.614333
YOLO,0,244,69.431792
YOLO,0,245,75.376084
YOLO,0,246,74.413083
YOLO,0,247,72.91175
YOLO,0,248,71.845167
YOLO,0,249,70.456125
YOLO,0,250,69.052917
YOLO,0,251,69.98725
YOLO,0,252,75.658958
YOLO,0,253,70.026875
YOLO,0,254,69.908
YOLO,0,255,88.663125
YOLO,0,256,66.558
YOLO,0,257,68.499625
YOLO,0,258,64.880625
YOLO,0,259,66.450125
YOLO,0,260,64.617708
YOLO,0,261,66.968375
YOLO,0,262,98.255958
YOLO,0,263,74.881708
YOLO,0,264,75.191125
YOLO,0,265,71.763291
YOLO,0,266,70.787083
YOLO,0,267,70.788125
YOLO,0,268,66.161084
YOLO,0,269,64.559208
YOLO,0,270,64.405583
YOLO,0,271,66.787916
YOLO,0,272,66.946708
YOLO,0,273,67.596209
YOLO,0,274,64.904833
YOLO,0,275,65.960334
YOLO,0,276,62.430667
YOLO,0,277,63.286
YOLO,0,278,62.695375
YOLO,0,279,60.684375
YOLO,0,280,61.1705
YOLO,0,281,61.092334
YOLO,0,282,58.8345
YOLO,0,283,59.4145
YOLO,0,284,59.954625
YOLO,0,285,58.493666
YOLO,0,286,61.107709
YOLO,0,287,82.377625
YOLO,0,288,68.226834
YOLO,0,289,58.22925
YOLO,0,290,61.481042
YOLO,0,291,62.521208
YOLO,0,292,60.452875
YOLO,0,293,59.392459
YOLO,0,294,61.619209
YOLO,0,295,77.067875
YOLO,0,296,62.910334
YOLO,0,297,59.018125
YOLO,0,298,60.663375
YOLO,0,299,59.554625
YOLO,1,0,57.775209
YOLO,1,1,59.234209
YOLO,1,2,59.857791
YOLO,1,3,60.401458
YOLO,1,4,61.396833
YOLO,1,5,59.5425
YOLO,1,6,60.086167
YOLO,1,7,60.485792
YOLO,1,8,57.5485
YOLO,1,9,61.528416
YOLO,1,10,61.201
YOLO,1,11,60.3115
YOLO,1,12,60.094417
YOLO,1,13,59.722208
YOLO,1,14,59.018208
YOLO,1,15,59.469083
YOLO,1,16,59.081125
YOLO,1,17,58.183084
YOLO,1,18,59.658375
YOLO,1,19,59.931958
YOLO,1,20,59.841958
YOLO,1,21,59.813583
YOLO,1,22,63.117125
YOLO,1,23,60.2115
YOLO,1,24,59.707417
YOLO,1,25,59.558459
YOLO,1,26,59.047083
YOLO,1,27,59.3205
YOLO,1,28,60.00325
YOLO,1,29,59.28675
YOLO,1,30,60.434833
YOLO,1,31,59.893375
YOLO,1,32,59.430625
YOLO,1,33,59.534584
YOLO,1,34,59.66625
YOLO,1,35,60.041709
YOLO,1,36,60.737542
YOLO,1,37,57.977208
YOLO,1,38,59.596083
YOLO,1,39,59.313542
YOLO,1,40,59.532042
YOLO,1,41,59.793333
YOLO,1,42,59.104541
YOLO,1,43,59.407208
YOLO,1,44,60.476417
YOLO,1,45,62.488583
YOLO,1,46,60.419125
YOLO,1,47,61.4825
YOLO,1,48,63.295375
YOLO,1,49,59.775125
YOLO,1,50,58.469125
YOLO,1,51,59.597333
YOLO,1,52,61.434916
YOLO,1,53,60.247542
YOLO,1,54,59.995292
YOLO,1,55,58.90725
YOLO,1,56,61.320166
YOLO,1,57,62.840458
YOLO,1,58,62.839125
YOLO,1,59,60.816667
YOLO,1,60,61.54225
YOLO,1,61,62.623791
YOLO,1,62,62.519292
YOLO,1,63,62.209958
YOLO,1,64,62.150708
YOLO,1,65,62.981
YOLO,1,66,62.757958
YOLO,1,67,61.405292
YOLO,1,68,61.133208
YOLO,1,69,63.997959
YOLO,1,70,63.130958
YOLO,1,71,61.101792
YOLO,1,72,64.011625
YOLO,1,73,63.264667
YOLO,1,74,61.743458
YOLO,1,75,61.7405
YOLO,1,76,62.894667
YOLO,1,77,62.063292
YOLO,1,78,62.495167
YOLO,1,79,62.504917
YOLO,1,80,65.9745
YOLO,1,81,61.939959
YOLO,1,82,62.339209
YOLO,1,83,61.958458
YOLO,1,84,64.406792
YOLO,1,85,61.898959
YOLO,1,86,62.108167
YOLO,1,87,62.307417
YOLO,1,88,63.170167
YOLO,1,89,61.387916
YOLO,1,90,61.899208
YOLO,1,91,64.695084
YOLO,1,92,62.516417
YOLO,1,93,62.60375
YOLO,1,94,64.370292
YOLO,1,95,62.967042
YOLO,1,96,61.818125
YOLO,1,97,62.33675
YOLO,1,98,63.019875
YOLO,1,99,61.690667
YOLO,1,100,62.395792
YOLO,1,101,61.386625
YOLO,1,102,62.899125
YOLO,1,103,62.818583
YOLO,1,104,61.840792
YOLO,1,105,61.688125
YOLO,1,106,61.479833
YOLO,1,107,61.502834
YOLO,1,108,61.899292
YOLO,1,109,61.932792
YOLO,1,110,62.108667
YOLO,1,111,62.851875
YOLO,1,112,61.688708
YOLO,1,113,61.889834
YOLO,1,114,66.143583
YOLO,1,115,61.679417
YOLO,1,116,63.153
YOLO,1,117,64.1465
YOLO,1,118,61.443666
YOLO,1,119,61.3265
YOLO,1,120,63.19275
YOLO,1,121,64.679959
YOLO,1,122,65.111291
YOLO,1,123,64.889875
YOLO,1,124,63.773916
YOLO,1,125,63.782458
YOLO,1,126,63.539875
YOLO,1,127,65.702625
YOLO,1,128,65.4075
YOLO,1,129,63.259375
YOLO,1,130,64.9965
YOLO,1,131,63.373916
YOLO,1,132,66.037625
YOLO,1,133,63.207291
YOLO,1,134,64.829458
YOLO,1,135,64.8675
YOLO,1,136,66.89325
YOLO,1,137,61.9415
YOLO,1,138,64.250959
YOLO,1,139,63.949208
YOLO,1,140,64.733417
YOLO,1,141,64.34825
YOLO,1,142,64.942208
YOLO,1,143,64.097
YOLO,1,144,64.005834
YOLO,1,145,63.723834
YOLO,1,146,64.019584
YOLO,1,147,67.059708
YOLO,1,148,64.546458
YOLO,1,149,64.118708
YOLO,1,150,63.736459
YOLO,1,151,64.241333
YOLO,1,152,63.732625
YOLO,1,153,63.779125
YOLO,1,154,63.702667
YOLO,1,155,64.611417
YOLO,1,156,63.816084
YOLO,1,157,64.633542
YOLO,1,158,64.78825
YOLO,1,159,64.079042
YOLO,1,160,63.868792
YOLO,1,161,63.729292
YOLO,1,162,63.632709
YOLO,1,163,64.557042
YOLO,1,164,63.921209
YOLO,1,165,63.986667
YOLO,1,166,63.734583
YOLO,1,167,63.686458
YOLO,1,168,63.49425
YOLO,1,169,63.295208
YOLO,1,170,63.254583
YOLO,1,171,64.435625
YOLO,1,172,64.199125
YOLO,1,173,63.961167
YOLO,1,174,64.737416
YOLO,1,175,63.733375
YOLO,1,176,63.985875
YOLO,1,177,72.550667
YOLO,1,178,65.538375
YOLO,1,179,65.144125
YOLO,1,180,67.957333
YOLO,1,181,63.667542
YOLO,1,182,65.654625
YOLO,1,183,67.414583
YOLO,1,184,65.4285
YOLO,1,185,65.531166
YOLO,1,186,66.648958
YOLO,1,187,66.91875
YOLO,1,188,66.644333
YOLO,1,189,71.454958
YOLO,1,190,64.938583
YOLO,1,191,67.595458
YOLO,1,192,67.629417
YOLO,1,193,67.303167
YOLO,1,194,68.630208
YOLO,1,195,68.601875
YOLO,1,196,67.108167
YOLO,1,197,70.268416
YOLO,1,198,67.575875
YOLO,1,199,67.578792
YOLO,1,200,65.84675
YOLO,1,201,68.997166
YOLO,1,202,68.050583
YOLO,1,203,68.138917
YOLO,1,204,69.381459
YOLO,1,205,67.812625
YOLO,1,206,69.432375
YOLO,1,207,65.453209
YOLO,1,208,69.776333
YOLO,1,209,67.042167
YOLO,1,210,68.150041
YOLO,1,211,67.218917
YOLO,1,212,71.02475
YOLO,1,213,67.147333
YOLO,1,214,66.136458
YOLO,1,215,65.587375
YOLO,1,216,69.265333
YOLO,1,217,68.085583
YOLO,1,218,67.340583
YOLO,1,219,66.747666
YOLO,1,220,66.038625
YOLO,1,221,65.261125
YOLO,1,222,65.463916
YOLO,1,223,66.655041
YOLO,1,224,65.626291
YOLO,1,225,65.650792
YOLO,1,226,63.590167
YOLO,1,227,65.783334
YOLO,1,228,73.652791
YOLO,1,229,84.204292
YOLO,1,230,89.071708
YOLO,1,231,86.502042
YOLO,1,232,93.492
YOLO,1,233,83.011416
YOLO,1,234,70.89025
YOLO,1,235,66.234541
YOLO,1,236,70.183208
YOLO,1,237,67.392333
YOLO,1,238,66.752
YOLO,1,239,66.830125
YOLO,1,240,73.459917
YOLO,1,241,70.334916
YOLO,1,242,76.18325
YOLO,1,243,72.338625
YOLO,1,244,73.495334
YOLO,1,245,76.179416
YOLO,1,246,74.556625
YOLO,1,247,73.165083
YOLO,1,248,71.826333
YOLO,1,249,72.785041
YOLO,1,250,78.00275
YOLO,1,251,91.976209
YOLO,1,252,98.647333
YOLO,1,253,72.901625
YOLO,1,254,70.078125
YOLO,1,255,69.058708
YOLO,1,256,68.798542
YOLO,1,257,70.43025
YOLO,1,258,69.9395
YOLO,1,259,72.625791
YOLO,1,260,71.328917
YOLO,1,261,69.170458
YOLO,1,262,70.913625
YOLO,1,263,72.766667
YOLO,1,264,91.954292
YOLO,1,265,77.84425
YOLO,1,266,73.06625
YOLO,1,267,73.180875
YOLO,1,268,71.060375
YOLO,1,269,70.930959
YOLO,1,270,74.674792
YOLO,1,271,88.241125
YOLO,1,272,80.837916
YOLO,1,273,69.448625
YOLO,1,274,70.13825
YOLO,1,275,67.992917
YOLO,1,276,70.473542
YOLO,1,277,70.240583
YOLO,1,278,71.558041
YOLO,1,279,69.047084
YOLO,1,280,69.269709
YOLO,1,281,68.169541
YOLO,1,282,68.016792
YOLO,1,283,68.422125
YOLO,1,284,67.874
YOLO,1,285,68.576917
YOLO,1,286,68.633458
YOLO,1,287,70.288792
YOLO,1,288,67.913792
YOLO,1,289,67.175417
YOLO,1,290,66.328458
YOLO,1,291,66.7635
YOLO,1,292,70.274417
YOLO,1,293,67.395708
YOLO,1,294,66.057459
YOLO,1,295,72.450417
YOLO,1,296,69.55125
YOLO,1,297,68.786666
YOLO,1,298,68.209083
YOLO,1,299,69.521417
YOLO,2,0,66.11375
YOLO,2,1,72.197625
YOLO,2,2,70.818416
YOLO,2,3,71.478459
YOLO,2,4,77.795084
YOLO,2,5,68.70625
YOLO,2,6,71.861417
YOLO,2,7,70.494292
YOLO,2,8,68.457625
YOLO,2,9,71.606167
YOLO,2,10,69.585083
YOLO,2,11,67.334
YOLO,2,12,67.402292
YOLO,2,13,69.785875
YOLO,2,14,68.328417
YOLO,2,15,89.456542
YOLO,2,16,91.602042
YOLO,2,17,80.423458
YOLO,2,18,69.184
YOLO,2,19,71.222375
YOLO,2,20,69.333583
YOLO,2,21,70.943333
YOLO,2,22,68.622208
YOLO,2,23,69.252792
YOLO,2,24,69.209834
YOLO,2,25,68.605125
YOLO,2,26,71.678833
YOLO,2,27,68.892667
YOLO,2,28,68.461291
YOLO,2,29,70.659958
YOLO,2,30,74.802792
YOLO,2,31,70.057208
YOLO,2,32,69.633
YOLO,2,33,68.764958
YOLO,2,34,68.374917
YOLO,2,35,67.596125
YOLO,2,36,70.745125
YOLO,2,37,71.142083
YOLO,2,38,71.0285
YOLO,2,39,67.954208
YOLO,2,40,68.524
YOLO,2,41,94.924084
YOLO,2,42,99.022209
YOLO,2,43,82.748333
YOLO,2,44,71.510083
YOLO,2,45,69.065458
YOLO,2,46,68.160125
YOLO,2,47,68.646917
YOLO,2,48,67.854625
YOLO,2,49,68.404917
YOLO,2,50,68.192334
YOLO,2,51,71.264667
YOLO,2,52,69.165042
YOLO,2,53,68.181292
YOLO,2,54,73.373542
YOLO,2,55,71.901958
YOLO,2,56,70.247959
YOLO,2,57,70.312042
YOLO,2,58,72.6505
YOLO,2,59,72.169292
YOLO,2,60,76.742709
YOLO,2,61,72.724417
YOLO,2,62,71.01075
YOLO,2,63,73.23875
YOLO,2,64,73.144458
YOLO,2,65,70.748042
YOLO,2,66,69.535459
YOLO,2,67,69.811125
YOLO,2,68,69.624917
YOLO,2,69,69.86375
YOLO,2,70,73.709917
YOLO,2,71,69.634709
YOLO,2,72,69.974542
YOLO,2,73,71.023917
YOLO,2,74,69.035459
YOLO,2,75,72.154625
YOLO,2,76,69.029917
YOLO,2,77,71.522292
YOLO,2,78,71.298959
YOLO,2,79,69.4575
YOLO,2,80,72.397208
YOLO,2,81,70.866958
YOLO,2,82,68.742875
YOLO,2,83,70.3495
YOLO,2,84,70.510041
YOLO,2,85,94.583958
YOLO,2,86,71.1115
YOLO,2,87,70.993834
YOLO,2,88,70.262
YOLO,2,89,69.304208
YOLO,2,90,71.765667
YOLO,2,91,67.898291
YOLO,2,92,68.526291
YOLO,2,93,67.790959
YOLO,2,94,90.778083
YOLO,2,95,67.967625
YOLO,2,96,69.79075
YOLO,2,97,67.559833
YOLO,2,98,68.519
YOLO,2,99,67.382917
YOLO,2,100,66.366542
YOLO,2,101,68.366583
YOLO,2,102,68.332917
YOLO,2,103,67.609458
YOLO,2,104,66.70075
YOLO,2,105,66.029375
YOLO,2,106,67.012375
YOLO,2,107,70.390375
YOLO,2,108,68.8195
YOLO,2,109,68.388958
YOLO,2,110,70.833833
YOLO,2,111,69.497667
YOLO,2,112,68.998958
YOLO,2,113,69.179917
YOLO,2,114,68.944083
YOLO,2,115,69.659208
YOLO,2,116,69.694291
YOLO,2,117,69.997167
YOLO,2,118,71.584459
YOLO,2,119,69.174458
YOLO,2,120,74.379292
YOLO,2,121,71.67775
YOLO,2,122,70.235625
YOLO,2,123,69.430083
YOLO,2,124,67.271875
YOLO,2,125,69.9345
YOLO,2,126,69.678125
YOLO,2,127,69.994916
YOLO,2,128,69.514167
YOLO,2,129,69.026709
YOLO,2,130,68.730417
YOLO,2,131,70.579209
YOLO,2,132,69.978583
YOLO,2,133,69.126375
YOLO,2,134,69.546125
YOLO,2,135,69.354459
YOLO,2,136,82.828708
YOLO,2,137,88.255458
YOLO,2,138,72.56075
YOLO,2,139,71.0045
YOLO,2,140,69.421667
YOLO,2,141,70.677125
YOLO,2,142,67.944083
YOLO,2,143,70.358375
YOLO,2,144,68.819792
YOLO,2,145,71.810583
YOLO,2,146,69.9025
YOLO,2,147,69.851958
YOLO,2,148,70.457959
YOLO,2,149,67.139708
YOLO,2,150,68.500833
YOLO,2,151,71.307709
YOLO,2,152,69.689791
YOLO,2,153,67.425833
YOLO,2,154,68.545292
YOLO,2,155,69.554208
YOLO,2,156,69.235041
YOLO,2,157,68.215292
YOLO,2,158,68.087042
YOLO,2,159,68.773625
YOLO,2,160,69.66175
YOLO,2,161,68.957833
YOLO,2,162,67.490292
YOLO,2,163,67.407208
YOLO,2,164,69.220166
YOLO,2,165,69.013125
YOLO,2,166,67.5725
YOLO,2,167,67.757166
YOLO,2,168,69.212833
YOLO,2,169,69.133083
YOLO,2,170,69.190542
YOLO,2,171,68.377916
YOLO,2,172,69.707125
YOLO,2,173,68.157375
YOLO,2,174,69.019667
YOLO,2,175,70.073083
YOLO,2,176,70.148291
YOLO,2,177,68.471042
YOLO,2,178,69.273584
YOLO,2,179,68.918084
YOLO,2,180,67.536375
YOLO,2,181,68.464708
YOLO,2,182,72.859125
YOLO,2,183,68.388125
YOLO,2,184,68.007292
YOLO,2,185,69.442584
YOLO,2,186,68.510167
YOLO,2,187,70.795916
YOLO,2,188,69.326167
YOLO,2,189,70.938958
YOLO,2,190,70.628459
YOLO,2,191,68.223459
YOLO,2,192,67.243292
YOLO,2,193,68.227083
YOLO,2,194,67.504709
YOLO,2,195,67.000791
YOLO,2,196,67.050625
YOLO,2,197,69.200959
YOLO,2,198,68.095625
YOLO,2,199,70.43625
YOLO,2,200,67.088416
YOLO,2,201,66.436875
YOLO,2,202,68.947167
YOLO,2,203,67.394334
YOLO,2,204,69.159958
YOLO,2,205,67.053125
YOLO,2,206,69.678208
YOLO,2,207,65.661833
YOLO,2,208,65.612292
YOLO,2,209,65.491333
YOLO,2,210,65.2065
YOLO,2,211,69.494792
YOLO,2,212,64.704
YOLO,2,213,72.095542
YOLO,2,214,68.840375
YOLO,2,215,66.305417
YOLO,2,216,63.636
YOLO,2,217,65.732167
YOLO,2,218,65.394083
YOLO,2,219,64.843834
YOLO,2,220,68.809041
YOLO,2,221,65.001125
YOLO,2,222,65.316166
YOLO,2,223,66.621291
YOLO,2,224,69.887875
YOLO,2,225,67.894167
YOLO,2,226,66.848584
YOLO,2,227,70.185125
YOLO,2,228,67.988708
YOLO,2,229,67.865292
YOLO,2,230,69.654083
YOLO,2,231,71.786417
YOLO,2,232,67.552708
YOLO,2,233,67.483875
YOLO,2,234,69.110875
YOLO,2,235,68.047083
YOLO,2,236,68.905875
YOLO,2,237,67.996667
YOLO,2,238,68.234958
YOLO,2,239,65.7605
YOLO,2,240,67.276125
YOLO,2,241,66.340417
YOLO,2,242,68.105583
YOLO,2,243,67.907
YOLO,2,244,72.084125
YOLO,2,245,68.433334
YOLO,2,246,66.208708
YOLO,2,247,67.025791
YOLO,2,248,68.141292
YOLO,2,249,67.706041
YOLO,2,250,67.707875
YOLO,2,251,67.460416
YOLO,2,252,67.245792
YOLO,2,253,66.8885
YOLO,2,254,65.874625
YOLO,2,255,66.456209
YOLO,2,256,70.740041
YOLO,2,257,69.620875
YOLO,2,258,68.569
YOLO,2,259,66.769875
YOLO,2,260,66.735125
YOLO,2,261,65.718667
YOLO,2,262,67.199875
YOLO,2,263,66.605542
YOLO,2,264,65.566583
YOLO,2,265,67.115625
YOLO,2,266,65.38625
YOLO,2,267,65.85075
YOLO,2,268,65.381583
YOLO,2,269,65.141375
YOLO,2,270,64.411167
YOLO,2,271,65.735833
YOLO,2,272,66.043459
YOLO,2,273,65.418542
YOLO,2,274,64.019041
YOLO,2,275,65.452792
YOLO,2,276,70.284292
YOLO,2,277,65.251542
YOLO,2,278,66.912708
YOLO,2,279,64.756583
YOLO,2,280,63.622791
YOLO,2,281,66.581166
YOLO,2,282,70.460833
YOLO,2,283,68.08325
YOLO,2,284,65.6175
YOLO,2,285,65.690584
YOLO,2,286,67.388
YOLO,2,287,66.91475
YOLO,2,288,65.348291
YOLO,2,289,66.7805
YOLO,2,290,68.44425
YOLO,2,291,66.058292
YOLO,2,292,68.017792
YOLO,2,293,71.20575
YOLO,2,294,71.473959
YOLO,2,295,68.68275
YOLO,2,296,67.099584
YOLO,2,297,69.268292
YOLO,2,298,67.621917
YOLO,2,299,67.658917
YOLO,3,0,66.8405
YOLO,3,1,63.9365
YOLO,3,2,64.724208
YOLO,3,3,68.660583
YOLO,3,4,66.284708
YOLO,3,5,65.603458
YOLO,3,6,68.078375
YOLO,3,7,63.864666
YOLO,3,8,70.63925
YOLO,3,9,66.389333
YOLO,3,10,72.470958
YOLO,3,11,92.766125
YOLO,3,12,88.777875
YOLO,3,13,87.499542
YOLO,3,14,89.700167
YOLO,3,15,88.412292
YOLO,3,16,89.672625
YOLO,3,17,88.914
YOLO,3,18,89.755209
YOLO,3,19,84.636333
YOLO,3,20,67.306916
YOLO,3,21,64.210208
YOLO,3,22,67.289458
YOLO,3,23,63.724791
YOLO,3,24,65.0745
YOLO,3,25,63.708459
YOLO,3,26,66.410417
YOLO,3,27,67.762292
YOLO,3,28,66.272625
YOLO,3,29,66.541625
YOLO,3,30,64.975709
YOLO,3,31,64.009667
YOLO,3,32,63.890084
YOLO,3,33,63.619334
YOLO,3,34,64.029958
YOLO,3,35,64.542375
YOLO,3,36,63.754542
YOLO,3,37,68.716875
YOLO,3,38,63.705542
YOLO,3,39,67.9635
YOLO,3,40,66.563833
YOLO,3,41,65.766083
YOLO,3,42,65.739291
YOLO,3,43,66.254125
YOLO,3,44,65.681209
YOLO,3,45,66.241417
YOLO,3,46,65.495833
YOLO,3,47,65.059333
YOLO,3,48,65.15775
YOLO,3,49,64.96125
YOLO,3,50,65.656333
YOLO,3,51,65.729625
YOLO,3,52,64.532334
YOLO,3,53,65.14975
YOLO,3,54,66.091167
YOLO,3,55,65.001292
YOLO,3,56,64.358167
YOLO,3,57,63.968417
YOLO,3,58,64.738459
YOLO,3,59,64.284375
YOLO,3,60,73.9715
YOLO,3,61,64.200666
YOLO,3,62,64.995916
YOLO,3,63,66.621709
YOLO,3,64,63.801125
YOLO,3,65,63.725
YOLO,3,66,64.780917
YOLO,3,67,63.909834
YOLO,3,68,63.999125
YOLO,3,69,64.643542
YOLO,3,70,75.875583
YOLO,3,71,64.144125
YOLO,3,72,63.423875
YOLO,3,73,66.564042
YOLO,3,74,64.782583
YOLO,3,75,63.948958
YOLO,3,76,65.277042
YOLO,3,77,63.659083
YOLO,3,78,64.322208
YOLO,3,79,65.669875
YOLO,3,80,65.595583
YOLO,3,81,64.745458
YOLO,3,82,61.8965
YOLO,3,83,65.818959
YOLO,3,84,63.733917
YOLO,3,85,63.507708
YOLO,3,86,63.449958
YOLO,3,87,63.663958
YOLO,3,88,63.33575
YOLO,3,89,65.1395
YOLO,3,90,62.198167
YOLO,3,91,63.74025
YOLO,3,92,61.75975
YOLO,3,93,60.509333
YOLO,3,94,60.539125
YOLO,3,95,61.873875
YOLO,3,96,61.554292
YOLO,3,97,63.34725
YOLO,3,98,59.623667
YOLO,3,99,61.842792
YOLO,3,100,61.827458
YOLO,3,101,66.262708
YOLO,3,102,64.555375
YOLO,3,103,67.582542
YOLO,3,104,63.567334
YOLO,3,105,65.422042
YOLO,3,106,63.774375
YOLO,3,107,65.873583
YOLO,3,108,61.906209
YOLO,3,109,63.3375
YOLO,3,110,63.306875
YOLO,3,111,63.54075
YOLO,3,112,65.577875
YOLO,3,113,64.821333
YOLO,3,114,62.890958
YOLO,3,115,63.082125
YOLO,3,116,64.727459
YOLO,3,117,62.734709
YOLO,3,118,63.86625
YOLO,3,119,67.338792
YOLO,3,120,62.445125
YOLO,3,121,63.812083
YOLO,3,122,62.624292
YOLO,3,123,64.474791
YOLO,3,124,62.591792
YOLO,3,125,61.712958
YOLO,3,126,62.06525
YOLO,3,127,63.610291
YOLO,3,128,63.740042
YOLO,3,129,63.463584
YOLO,3,130,62.817584
YOLO,3,131,61.778542
YOLO,3,132,62.037583
YOLO,3,133,61.710375
YOLO,3,134,63.430375
YOLO,3,135,64.098792
YOLO,3,136,65.721542
YOLO,3,137,64.381625
YOLO,3,138,62.441666
YOLO,3,139,63.385625
YOLO,3,140,61.334084
YOLO,3,141,64.473708
YOLO,3,142,61.921708
YOLO,3,143,61.512417
YOLO,3,144,62.73075
YOLO,3,145,60.894958
YOLO,3,146,60.318083
YOLO,3,147,61.777625
YOLO,3,148,63.854333
YOLO,3,149,61.253958
YOLO,3,150,61.472042
YOLO,3,151,61.544542
YOLO,3,152,62.791333
YOLO,3,153,62.356125
YOLO,3,154,61.3445
YOLO,3,155,60.982458
YOLO,3,156,61.655042
YOLO,3,157,62.922542
YOLO,3,158,60.003459
YOLO,3,159,61.444333
YOLO,3,160,60.919916
YOLO,3,161,61.775666
YOLO,3,162,59.225542
YOLO,3,163,59.730708
YOLO,3,164,63.575
YOLO,3,165,62.224083
YOLO,3,166,63.254416
YOLO,3,167,60.699833
YOLO,3,168,65.412291
YOLO,3,169,61.365583
YOLO,3,170,64.031334
YOLO,3,171,66.291625
YOLO,3,172,64.649458
YOLO,3,173,65.940834
YOLO,3,174,61.384666
YOLO,3,175,63.055042
YOLO,3,176,63.882125
YOLO,3,177,63.12825
YOLO,3,178,62.085708
YOLO,3,179,63.28975
YOLO,3,180,64.056708
YOLO,3,181,63.215209
YOLO,3,182,61.510583
YOLO,3,183,59.918917
YOLO,3,184,64.752916
YOLO,3,185,62.745042
YOLO,3,186,61.8335
YOLO,3,187,65.611458
YOLO,3,188,62.248125
YOLO,3,189,61.659792
YOLO,3,190,61.557958
YOLO,3,191,62.045167
YOLO,3,192,62.308334
YOLO,3,193,61.9905
YOLO,3,194,61.867667
YOLO,3,195,62.274333
YOLO,3,196,61.603167
YOLO,3,197,60.771417
YOLO,3,198,60.547583
YOLO,3,199,61.461167
YOLO,3,200,62.547292
YOLO,3,201,62.1005
YOLO,3,202,62.206375
YOLO,3,203,62.819875
YOLO,3,204,68.230458
YOLO,3,205,66.625042
YOLO,3,206,61.119042
YOLO,3,207,60.240167
YOLO,3,208,63.115084
YOLO,3,209,61.299458
YOLO,3,210,60.321958
YOLO,3,211,61.209959
YOLO,3,212,60.61175
YOLO,3,213,60.845291
YOLO,3,214,59.905125
YOLO,3,215,60.628833
YOLO,3,216,60.330125
YOLO,3,217,61.980834
YOLO,3,218,61.179042
YOLO,3,219,65.239125
YOLO,3,220,60.461208
YOLO,3,221,59.777792
YOLO,3,222,59.501291
YOLO,3,223,61.539334
YOLO,3,224,62.357459
YOLO,3,225,59.6545
YOLO,3,226,61.432291
YOLO,3,227,59.426667
YOLO,3,228,62.890417
YOLO,3,229,65.896917
YOLO,3,230,71.974417
YOLO,3,231,103.196416
YOLO,3,232,111.112833
YOLO,3,233,103.088833
YOLO,3,234,112.380166
YOLO,3,235,113.94225
YOLO,3,236,98.88275
YOLO,3,237,107.618542
YOLO,3,238,120.718167
YOLO,3,239,89.15375
YOLO,3,240,101.919292
YOLO,3,241,95.170917
YOLO,3,242,102.753583
YOLO,3,243,140.569209
YOLO,3,244,133.14425
YOLO,3,245,89.179583
YOLO,3,246,90.246959
YOLO,3,247,92.168417
YOLO,3,248,116.385625
YOLO,3,249,112.760875
YOLO,3,250,96.828459
YOLO,3,251,114.786208
YOLO,3,252,119.926791
YOLO,3,253,73.297625
YOLO,3,254,71.509541
YOLO,3,255,68.561625
YOLO,3,256,73.002334
YOLO,3,257,74.66575
YOLO,3,258,67.830084
YOLO,3,259,69.38275
YOLO,3,260,68.674
YOLO,3,261,65.628167
YOLO,3,262,67.059417
YOLO,3,263,64.731125
YOLO,3,264,66.983166
YOLO,3,265,68.804833
YOLO,3,266,88.8195
YOLO,3,267,113.504125
YOLO,3,268,151.6075
YOLO,3,269,90.942208
YOLO,3,270,85.566166
YOLO,3,271,87.158125
YOLO,3,272,88.788125
YOLO,3,273,98.576958
YOLO,3,274,68.851167
YOLO,3,275,69.082375
YOLO,3,276,79.314125
YOLO,3,277,68.932125
YOLO,3,278,69.161125
YOLO,3,279,67.514834
YOLO,3,280,67.413625
YOLO,3,281,69.133208
YOLO,3,282,68.273208
YOLO,3,283,67.463542
YOLO,3,284,66.620625
YOLO,3,285,69.41525
YOLO,3,286,66.404417
YOLO,3,287,63.953042
YOLO,3,288,61.758042
YOLO,3,289,63.183833
YOLO,3,290,62.057708
YOLO,3,291,66.247417
YOLO,3,292,65.839209
YOLO,3,293,60.166958
YOLO,3,294,61.372209
YOLO,3,295,62.0865
YOLO,3,296,60.488291
YOLO,3,297,63.1485
YOLO,3,298,59.609583
YOLO,3,299,62.261875
YOLO,4,0,61.624709
YOLO,4,1,77.106958
YOLO,4,2,68.467666
YOLO,4,3,59.331209
YOLO,4,4,60.940791
YOLO,4,5,59.889042
YOLO,4,6,60.720792
YOLO,4,7,60.548
YOLO,4,8,60.430958
YOLO,4,9,59.302916
YOLO,4,10,59.592
YOLO,4,11,59.1935
YOLO,4,12,59.592
YOLO,4,13,59.434375
YOLO,4,14,59.131541
YOLO,4,15,58.685458
YOLO,4,16,58.276542
YOLO,4,17,59.102291
YOLO,4,18,60.251666
YOLO,4,19,59.592125
YOLO,4,20,59.041084
YOLO,4,21,58.672084
YOLO,4,22,58.245041
YOLO,4,23,59.734167
YOLO,4,24,58.982083
YOLO,4,25,58.871625
YOLO,4,26,58.270208
YOLO,4,27,57.549375
YOLO,4,28,57.573958
YOLO,4,29,58.2765
YOLO,4,30,61.436083
YOLO,4,31,57.765791
YOLO,4,32,57.75025
YOLO,4,33,57.87475
YOLO,4,34,61.751541
YOLO,4,35,59.950458
YOLO,4,36,58.786209
YOLO,4,37,59.014792
YOLO,4,38,59.788417
YOLO,4,39,60.439333
YOLO,4,40,59.847917
YOLO,4,41,59.695333
YOLO,4,42,61.502833
YOLO,4,43,60.017416
YOLO,4,44,59.110958
YOLO,4,45,60.237417
YOLO,4,46,59.449417
YOLO,4,47,61.064
YOLO,4,48,59.932208
YOLO,4,49,59.834167
YOLO,4,50,62.50775
YOLO,4,51,60.431917
YOLO,4,52,60.151875
YOLO,4,53,58.393958
YOLO,4,54,63.626542
YOLO,4,55,59.519333
YOLO,4,56,68.18025
YOLO,4,57,77.89125
YOLO,4,58,99.271708
YOLO,4,59,79.271334
YOLO,4,60,80.812291
YOLO,4,61,78.525792
YOLO,4,62,121.560709
YOLO,4,63,77.091416
YOLO,4,64,63.883666
YOLO,4,65,61.563917
YOLO,4,66,61.707459
YOLO,4,67,61.8215
YOLO,4,68,61.015
YOLO,4,69,62.367459
YOLO,4,70,59.750625
YOLO,4,71,62.692917
YOLO,4,72,63.742458
YOLO,4,73,61.922208
YOLO,4,74,59.34725
YOLO,4,75,61.520667
YOLO,4,76,60.521416
YOLO,4,77,59.873916
YOLO,4,78,59.55775
YOLO,4,79,59.953667
YOLO,4,80,61.049125
YOLO,4,81,61.423459
YOLO,4,82,61.113125
YOLO,4,83,60.59875
YOLO,4,84,60.57875
YOLO,4,85,58.135084
YOLO,4,86,68.104375
YOLO,4,87,60.597875
YOLO,4,88,62.043167
YOLO,4,89,61.952375
YOLO,4,90,60.052583
YOLO,4,91,58.903333
YOLO,4,92,60.432916
YOLO,4,93,60.144542
YOLO,4,94,60.83675
YOLO,4,95,58.373541
YOLO,4,96,60.361417
YOLO,4,97,62.149084
YOLO,4,98,59.801541
YOLO,4,99,61.839333
YOLO,4,100,61.632375
YOLO,4,101,60.903708
YOLO,4,102,61.656333
YOLO,4,103,63.6125
YOLO,4,104,62.046333
YOLO,4,105,61.207125
YOLO,4,106,62.690666
YOLO,4,107,61.278417
YOLO,4,108,59.843959
YOLO,4,109,62.377833
YOLO,4,110,61.316875
YOLO,4,111,60.515333
YOLO,4,112,60.618375
YOLO,4,113,61.553458
YOLO,4,114,59.630958
YOLO,4,115,59.834167
YOLO,4,116,58.572083
YOLO,4,117,59.891292
YOLO,4,118,60.534333
YOLO,4,119,60.092375
YOLO,4,120,61.36525
YOLO,4,121,62.604417
YOLO,4,122,60.550625
YOLO,4,123,59.639167
YOLO,4,124,59.568958
YOLO,4,125,60.1595
YOLO,4,126,59.921209
YOLO,4,127,59.477625
YOLO,4,128,57.99425
YOLO,4,129,59.691667
YOLO,4,130,59.351375
YOLO,4,131,58.036958
YOLO,4,132,58.545417
YOLO,4,133,58.542625
YOLO,4,134,59.823375
YOLO,4,135,59.803875
YOLO,4,136,59.262167
YOLO,4,137,59.682417
YOLO,4,138,58.520334
YOLO,4,139,60.484625
YOLO,4,140,59.601458
YOLO,4,141,59.307084
YOLO,4,142,59.470416
YOLO,4,143,59.441541
YOLO,4,144,56.625083
YOLO,4,145,58.927459
YOLO,4,146,57.966292
YOLO,4,147,57.126083
YOLO,4,148,58.517167
YOLO,4,149,57.407583
YOLO,4,150,57.464167
YOLO,4,151,58.592541
YOLO,4,152,56.560042
YOLO,4,153,57.885916
YOLO,4,154,59.531375
YOLO,4,155,56.389209
YOLO,4,156,58.169291
YOLO,4,157,60.804083
YOLO,4,158,57.342334
YOLO,4,159,58.115667
YOLO,4,160,57.848667
YOLO,4,161,55.866834
YOLO,4,162,57.047542
YOLO,4,163,58.493209
YOLO,4,164,58.618083
YOLO,4,165,59.190625
YOLO,4,166,59.219542
YOLO,4,167,57.591292
YOLO,4,168,59.569208
YOLO,4,169,59.864125
YOLO,4,170,58.647459
YOLO,4,171,58.199375
YOLO,4,172,58.862166
YOLO,4,173,59.853833
YOLO,4,174,58.984
YOLO,4,175,59.222042
YOLO,4,176,60.579667
YOLO,4,177,61.3995
YOLO,4,178,58.855917
YOLO,4,179,58.761542
YOLO,4,180,60.425791
YOLO,4,181,59.780958
YOLO,4,182,57.559709
YOLO,4,183,57.9665
YOLO,4,184,58.192292
YOLO,4,185,58.982542
YOLO,4,186,58.602958
YOLO,4,187,58.017958
YOLO,4,188,60.001167
YOLO,4,189,58.48725
YOLO,4,190,58.2435
YOLO,4,191,57.306666
YOLO,4,192,58.699958
YOLO,4,193,61.45975
YOLO,4,194,57.86675
YOLO,4,195,58.301333
YOLO,4,196,58.3685
YOLO,4,197,57.644084
YOLO,4,198,57.021625
YOLO,4,199,57.263708
YOLO,4,200,57.422459
YOLO,4,201,57.30675
YOLO,4,202,59.098167
YOLO,4,203,58.324875
YOLO,4,204,58.164708
YOLO,4,205,59.61575
YOLO,4,206,56.704917
YOLO,4,207,58.12975
YOLO,4,208,56.146584
YOLO,4,209,57.288542
YOLO,4,210,60.318083
YOLO,4,211,56.497959
YOLO,4,212,56.489791
YOLO,4,213,57.262833
YOLO,4,214,57.306916
YOLO,4,215,56.689333
YOLO,4,216,55.820417
YOLO,4,217,57.343875
YOLO,4,218,56.438917
YOLO,4,219,56.598166
YOLO,4,220,57.435709
YOLO,4,221,57.266416
YOLO,4,222,57.91225
YOLO,4,223,56.827042
YOLO,4,224,59.428417
YOLO,4,225,57.527833
YOLO,4,226,57.315666
YOLO,4,227,57.240667
YOLO,4,228,59.5695
YOLO,4,229,58.005084
YOLO,4,230,59.401416
YOLO,4,231,55.9215
YOLO,4,232,60.478625
YOLO,4,233,59.309083
YOLO,4,234,57.244167
YOLO,4,235,57.433583
YOLO,4,236,59.318083
YOLO,4,237,58.502792
YOLO,4,238,58.583667
YOLO,4,239,59.173416
YOLO,4,240,58.874375
YOLO,4,241,57.719792
YOLO,4,242,57.26025
YOLO,4,243,59.44675
YOLO,4,244,57.61225
YOLO,4,245,62.350166
YOLO,4,246,59.121667
YOLO,4,247,60.322208
YOLO,4,248,57.285042
YOLO,4,249,61.06725
YOLO,4,250,58.912417
YOLO,4,251,57.209833
YOLO,4,252,57.90175
YOLO,4,253,58.575667
YOLO,4,254,58.244666
YOLO,4,255,60.308625
YOLO,4,256,57.329875
YOLO,4,257,58.038333
YOLO,4,258,56.5805
YOLO,4,259,57.80025
YOLO,4,260,57.831792
YOLO,4,261,57.163958
YOLO,4,262,58.8345
YOLO,4,263,59.430084
YOLO,4,264,57.858791
YOLO,4,265,56.084083
YOLO,4,266,60.357417
YOLO,4,267,57.946708
YOLO,4,268,56.945625
YOLO,4,269,57.380292
YOLO,4,270,56.918167
YOLO,4,271,58.713375
YOLO,4,272,57.698584
YOLO,4,273,57.923209
YOLO,4,274,59.535167
YOLO,4,275,57.423833
YOLO,4,276,56.376166
YOLO,4,277,55.952833
YOLO,4,278,57.947083
YOLO,4,279,59.528041
YOLO,4,280,56.6685
YOLO,4,281,56.288916
YOLO,4,282,57.344958
YOLO,4,283,56.328125
YOLO,4,284,55.865584
YOLO,4,285,56.589209
YOLO,4,286,56.281375
YOLO,4,287,56.597333
YOLO,4,288,56.385917
YOLO,4,289,57.290042
YOLO,4,290,56.672083
YOLO,4,291,56.687583
YOLO,4,292,56.052459
YOLO,4,293,55.477666
YOLO,4,294,55.918833
YOLO,4,295,56.070375
YOLO,4,296,56.116458
YOLO,4,297,56.833541
YOLO,4,298,56.072625
YOLO,4,299,58.383458
